abandon, [əˋbændən] vt.放棄，中止
alcohol, [ˋælkə͵hɔl] n.酒精；含酒精飲料；酒
abdomen, [ˋæbdəmən] n.腹；腹部
absolute, [ˋæbsə͵lut] a.絕對的；完全的
alert, [əˋlɝt] a.警覺的；警惕的 n.警戒，警報 vt.使警覺；使注意
absorb, [əbˋsɔrb] vt.吸收；吸引(注意等)；使專注
allowance, [əˋlaʊəns] n.零用錢；津貼，補貼
abstract, [ˋæbstrækt] a.抽象的 n.摘要，梗概
academic, [͵ækəˋdɛmɪk] a.學術的
aluminum, [əˋlumɪnəm] n.鋁[U]
accent, [ˋæksɛnt] n.口音，腔調；重音；強調
ante meridiem, n.【拉】午前
acceptance, [əkˋsɛptəns] n.接受；歡迎
access, [ˋæksɛs] n.接近，進入；通道，入口 vt.使用；接近
amateur, [ˋæmə͵tʃʊr] n.業餘從事者
ambitious, [æmˋbɪʃəs] a.有雄心的；野心勃勃的
accidental, [͵æksəˋdɛnt!] a.偶然的；意外的
accompany, [əˋkʌmpənɪ] vt.陪伴；為…伴奏
amid, [əˋmɪd] prep.在…之間；在…之中
accomplish, [əˋkɑmplɪʃ] vt.完成，實現，達到
accomplishment, [əˋkɑmplɪʃmənt] n.成就；成績[C]
amuse, [əˋmjuz] vt.使歡樂，逗…高興
amusement, [əˋmjuzmənt] n.樂趣；娛樂，消遣
accountant, [əˋkaʊntənt] n.會計師；會計人員
accuracy, [ˋækjərəsɪ] n.正確(性)；準確(性)
analysis, [əˋnæləsɪs] n.分析；分解；解析
accuse, [əˋkjuz] vt.指控，控告；譴責
acid, [ˋæsɪd] a.酸的，有酸味的 n.【化】酸
analyze, [ˋæn!͵aɪz] vt.分析；解析
ancestor, [ˋænsɛstɚ] n.祖宗，祖先
acquaint, [əˋkwent] vt.使認識；使熟悉
anniversary, [͵ænəˋvɝsərɪ] n.週年紀念日
acquaintance, [əˋkwentəns] n.(與人)相識 相識的人，熟人[C]
annoy, [əˋnɔɪ] vt.惹惱，使生氣
annual, [ˋænjʊəl] a.一年的；一年一次的
anxiety, [æŋˋzaɪətɪ] n.焦慮，掛念
anxious, [ˋæŋkʃəs] a.焦慮的，掛念的
acquire, [əˋkwaɪr] vt.取得，獲得；學到
apologize, [əˋpɑlə͵dʒaɪz] vi.道歉；認錯
acre, [ˋekɚ] n.英畝
apology, [əˋpɑlədʒɪ] n.道歉；陪罪[(+to/for)]
adapt, [əˋdæpt] vt.使適應，使適合；改編，改寫
appliance, [əˋplaɪəns] n.器具，用具；裝置，設備[C]
adequate, [ˋædəkwɪt] a.適當的；足夠的
applicant, [ˋæpləkənt] n.申請人[C][(+for)]
adjective, [ˋædʒɪktɪv] n.形容詞 a.形容詞的
application, [͵æpləˋkeʃən] n.應用，適用；申請；申請書
adjust, [əˋdʒʌst] vt.調節；校準；調整
adjustment, [əˋdʒʌstmənt] n.調節；調整；校正
appoint, [əˋpɔɪnt] vt.任命，指派
appointment, [əˋpɔɪntmənt] n.(尤指正式的)約會[C]；任命，委派[U]
admirable, [ˋædmərəb!] a.值得讚揚的；令人欽佩的
appreciation, [ə͵priʃɪˋeʃən] n.欣賞；賞識；感謝
admiration, [æ dməˋreʃən] n.欽佩，讚美，羨慕
appropriate, [əˋproprɪ͵et] a.適當的，恰當的
admission, [ədˋmɪʃən] n.(學校，會場，俱樂部等的)進入許可；入場費[U]；入場券[C]
approval, [əˋpruv!] n.批准；認可；贊成；同意；承認[C]
arch, [ɑrtʃ] n.拱，拱門，牌樓
adverb, [ˋædvɚb] n.副詞 a.副詞的
arise, [əˋraɪz] vi.上升；產生，出現；【舊】起立
agency, [ˋedʒənsɪ] n.代辦處，經銷處
agent, [ˋedʒənt] n.代理人；代理商；仲介人
arms, [ɑrmz] n.武器
aggressive, [əˋgrɛsɪv] a.侵略的，有進取精神的
arouse, [əˋraʊz] vt.喚起；使奮發
article1, [ˋɑrtɪk!] n.冠詞；文章；物品；條文
agreeable, [əˋgriəb!] a.令人愉快的，宜人的
artificial, [͵ɑrtəˋfɪʃəl] a.人工的，人造的；假的
acquired immune deficiency syndrome, [edz] n.愛滋病
artistic, [ɑrˋtɪstɪk] a.藝術的；美術的
ashamed, [əˋʃemd] a.羞愧的，感到難為情的
barrier, [ˋbærɪr] n.障礙物；路障，柵欄
aspect, [ˋæspɛkt] n.方面，觀點
basin, [ˋbesn] n.盆；臉盆；盆地
aspirin, [ˋæspərɪn] n.阿斯匹靈(解熱鎮痛藥)
battery, [ˋbætərɪ] n.電池
assemble, [əˋsɛmb!] vt.集合，召集；組合，裝配
beak, [bik] n.鳥嘴
beam, [bim] n.笑容，喜色 vt.流露；發出 vi.眉開眼笑
assembly, [əˋsɛmblɪ] n.集會；集合
assign, [əˋsaɪn] vt.分配，分派；指定
behavior, [bɪˋhevjɚ] n.行為，舉止 [U]
assignment, [əˋsaɪnmənt] n.(分派的)任務；工作[C];(課外)作業，功課[C]
biography, [baɪˋɑgrəfɪ] n.傳記[C]
biology, [baɪˋɑlədʒɪ] n.生物學[U]
blade, [bled] n.刀身，劍身；刀片
blend, [blɛnd] vt.vi.使混和，使混雜；使交融
assistance, [əˋsɪstəns] n.援助，幫助[U][(+in)]
blessing, [ˋblɛsɪŋ] n.(上帝的)賜福；祝福
associate, [əˋsoʃɪɪt] n.夥伴；同事；合夥人 a.夥伴的；共事的
blink, [blɪŋk] vi.vt.n.眨眼睛；瞇著眼看[(+at)]
associate, [əˋsoʃɪet] vt.聯想
bloom, [blum] n.(尤指觀賞的)花；開花(期)[U] vi.開花(期)[U]
association, [ə͵sosɪˋeʃən] n.協(公)會；聯想，聯想物
blossom, [ˋblɑsəm] n.(尤指果樹的)花[C];vi.開花
assume, [əˋsjum] vt.以為；假定為；承擔；就任
blush, [blʌʃ] vi.n.(因害羞，尷尬等而)臉紅
assurance, [əˋʃʊrəns] n.保證
boast, [bost] vi.n.自吹自擂；誇耀；吹牛
assure, [əˋʃʊr] vt.向…保證，擔保；使確信，使放心[(+of)]
bond, [bɑnd] n.結合力；聯結；契約，約定[C] vt.vi.黏合；結合
athletic, [æθˋlɛtɪk] a. 運動的，體育的
automatic teller machine, n.自動存提款機
bounce, [baʊns] vt.vi.n.(球)彈起，彈回；蹦跳
bracelet, [ˋbreslɪt] n.手鐲；臂鐲
atmosphere, [ˋætməs͵fɪr] n.大氣層；氣氛
brassiere, [brəˋzɪr] n.胸罩
bra, [brɑ] n.胸罩
atom, [ˋætəm] n.原子
breed, [brid] vt.vi.(動物)產(子)，孵(卵)；繁殖；養育 n.品種
atomic, [əˋtɑmɪk] a.原子的
attach, [əˋtætʃ] vt.裝上，貼上，繫上[(+to)]
attachment, [əˋtætʃmənt] n.連接；附著[U][(+to)]；附屬物；附件
bridegroom, [ˋbraɪd͵grʊm] n.新郎
broil, [brɔɪl] vt.vi.n.烤，炙
broke, [brok] a.【口】破了產的；一文不名的
brutal, [ˋbrut!] a.殘忍的，冷酷的；野蠻的
attraction, [əˋtrækʃən] n.吸引；吸引力[U]；吸引物[C]
bulletin, [ˋbʊlətɪn] n.公告；公報
cabinet, [ˋkæbənɪt] n.櫥，櫃[C]；內閣；全體閣員
audio, [ˋɔdɪ͵o] a. 聽覺的，聲音的 n.(電視等的)音響裝置
calculate, [ˋkælkjə͵let] vt.vi.計算
authority, [əˋθɔrətɪ] n.權力；職權[U]；官方，當局；權威人士；專家
calculation, [͵kælkjəˋleʃən] n.計算[U]
calculator, [ˋkælkjə͵letɚ] n.計算者(機)
calorie, [ˋkælərɪ] n.卡，卡路里
autobiography, [͵ɔtəbaɪˋɑgrəfɪ] n.自傳
campaign, [kæmˋpen] n.戰役；運動，活動[(+for/against)；競選活動
await, [əˋwe] vt.等候，期待
awkward, [ˋɔkwɚd] a.笨拙的 [(+with)]；尷尬的
candidate, [ˋkændədet] n.候選人；候補者；應徵者
backpack, [ˋbæk͵pæk] n.登山、遠足用的背包
bald, [bɔld] a.禿頭的；無草木的
capacity, [kəˋpæsətɪ] n.容量，容積；能力，才能
ballet, [ˋbæle] n.芭蕾舞[C][U]
bankrupt, [ˋbæŋkrʌpt] a.破產的 vt.使破產 n.破產者
cape, [kep] n.披肩；斗篷；岬，海角
capital, [ˋkæpət!] n.首都；大寫字母；資本 a.首要的；大寫字母的；資本的；死刑的
bargain, [ˋbɑrgɪn] vt.討價還價 n.買賣，交易；特價商品
capitalism, [ˋkæpət!͵ɪzəm] n.資本主義(制度)[U]
clash, [klæ ʃ] n.vi.vt.砰地相碰撞；衝突
classification, [͵klæsəfəˋkeʃən] n.分類；分級
capitalist, [ˋkæpət!ɪst] n.資本家；資本主義者
classify, [ˋklæsə͵faɪ] vt.將…分類；將…分等級
career, [kəˋrɪr] n.(終身的)職業[C]；生涯；歷程[C]
cliff, [klɪf] n.(尤指海邊的)懸崖，峭壁
cargo, [ˋkɑrgo] n.(船、飛機、車輛裝載的)貨物
climax, [ˋklaɪmæ ks] n.頂點，高潮
clumsy, [ˋklʌmzɪ] a.笨拙的，手腳不靈活的
carrier, [ˋkærɪɚ] n.運送人；送信人；航空母艦
coarse, [kors] a.粗糙的；粗劣的
code, [kod] n.法典，法規；規則；代碼；密碼
carve, [kɑrv] vi.刻，雕刻
catalogue, [ˋkætəlɔg] n.(圖書，商品的)目錄
collapse, [kəˋlæps] vi.vt.n.倒塌
combination, [͵kɑmbəˋneʃən] n.結合(體)；密碼鎖
compact disk, [kəmˋpækt dɪsk] n.光碟
compact, a.緊密的，結實的
comedy, [ˋkɑmədɪ] n.喜劇
cease, [sis] n.vt.vi.停止，終止
comic1, [ˋkɑmɪk] a.喜劇的 n.喜劇演員
celebration, [͵sɛləˋbreʃən] n.慶祝[U]；慶祝活動
comic(s), [ˋkɑmɪk]a.連環漫畫的 n.連環漫畫
cement, [sɪˋmɛnt] n.水泥[U]
commander, [kəˋmændɚ] n.指揮官，司令官
chamber, [ˋtʃembɚ] n.房間；寢室
comment, [ˋkɑmɛnt] n.vi.註釋，評註；批評，評論
championship, [ˋtʃæ mpɪən͵ʃɪp] n.冠軍的地位 錦標賽
commerce, [ˋkɑmɝs] n.商業，貿易 [U]
commit, [kəˋmɪt] vt.犯(罪)，做(錯事等)
characteristic, [͵kærəktəˋrɪstɪk] n.特性，特徵 a.特有的，獨特的
communication, [kə͵mjunəˋkeʃən] n.溝通；傳達；交流；通訊(交通)設施
charity, [ˋtʃæ rətɪ] n.慈悲；慈善[U]；慈善團體
community, [kəˋmjunətɪ] n.社區[C]；(一般)社會，公眾
chemistry, [ˋkɛmɪstrɪ] n.化學；男女間的來電
cherish, [ˋtʃɛrɪʃ] vt.珍愛；珍惜
companion, [kəmˋpænjən] n.同伴，伴侶
chirp, [tʃɝp] vi.n.(小鳥)發啁啾聲；(昆蟲)發唧唧聲
competition, [͵kɑmpəˋtɪʃən] n.競爭，比賽，競賽
chore, [tʃor] n.家庭雜務；日常零星活兒
competitive, [kəmˋpɛtətɪv] a.競爭的；競爭激烈的
chorus, [ˋkorəs] n.合唱隊[C]；合唱[C]；副歌 vt.vi.合唱
competitor, [kəmˋpɛtətɚ] n.競爭者；對手
complicate, [ˋkɑmplə͵ket] vt.使複雜化
cigar, [sɪˋgɑr] n.雪茄
compose, [kəmˋpoz] vt.作(詩，曲等)；組成
cinema, [ˋsɪnəmə] n.【英】電影院[C](一部)電影[C]；(總稱)電影；電影業
composer, [kəmˋpozɚ] n.作曲者，作曲家
composition, [͵kɑmpəˋzɪʃən] n.寫作；作曲；作品；作文；(大型)樂曲
circular, [ˋsɝkjəlɚ] a.圓形的；環形的
circulate, [ˋsɝkjə͵let] vt.vi.循環；流通；發行
circulation, [͵sɝkjəˋleʃən] n.循環；(貨幣、消息等的)流通；(報刊等的)發行量
concentrate, [ˋkɑnsɛn͵tret] vt.集中；聚集；濃縮 vi.集中；專注
circumstance, [ˋsɝkəm͵stæns] n.情況，環境
concentration, [͵kɑnsɛnˋtreʃən] n.集中；專心；濃縮
civilian, [sɪˋvɪljən] n.(與軍、警相對的)平民，百姓
concept, [ˋkɑnsɛpt] n.概念，觀念
civilization, [͵sɪv!əˋzeʃən] n.教化(過程)[U]；文明；文明世界
concerning, [kənˋsɝnɪŋ] prep.關於…
concrete, [ˋkɑnkrit] a.有形的；具體的 n.混凝土
clarify, [ˋklærə͵faɪ] vt.vi.澄清；闡明
conductor, [kənˋdʌktɚ] n.管理人；指揮；車掌；避雷針
continual, [kənˋtɪnjʊəl] a.不間斷的，連續的
continuous, [kənˋtɪnjʊəs] a.連續的，不斷的
contrary, [ˋkɑntrɛrɪ] n.相反；相反的事物 a.相反的，對立的[(+to)]
conference, [ˋkɑnfərəns] n.(正式)會議；(學校，教會，體育隊等的)聯盟
contrast, [ˋkɑn͵træst] n.對比，對照[U] 
contrast, [kənˋtræst] vt.使對比，使對照
confess, [kənˋfɛs] vt.坦白，承認[+v-ing][+(that)
contribute, [kənˋtrɪbjut] vt.vi.捐(款)；捐獻；投(稿)
confidence, [ˋkɑnfədəns] n.自信，信心[U]
contribution, [͵kɑntrəˋbjuʃən] n.貢獻；投稿
confine, [kənˋfaɪn] vt.限制；使局限[(+to)]
convenience, [kənˋvinjəns] n.方便[U]；便利設施
confusion, [kənˋfjuʒən] n.混亂；慌亂；困惑
congratulate, [kənˋgrætʃə͵let] vt.祝賀；恭禧
convention, [kənˋvɛnʃən] n.大會；全體與會者；慣例，習俗
congress, [ˋkɑŋgrəs] n.(正式)會議；代表大會(C-)美國國會
conventional, [kənˋvɛnʃən!] a.會議的；慣例的
conjunction, [kənˋdʒʌŋkʃən] n.【文】連接詞；結合
converse, [kənˋvɝs] vi.【書】交談
convey, [kənˋve] vt.運送；傳遞[(+from/to)]
conquer, [ˋkɑŋkɚ] vt.征服；攻克，攻取
convince, [kənˋvɪns] vt.使信服；說服[(+of)]
conscience, [ˋkɑnʃəns] n.良心；道義心
cooperate, [koˋɑpə͵ret] vt.合作，協作[(+with/in)]
consequence, [ˋkɑnsə͵kwɛns] n.結果，後果
cooperation, [ko͵ɑpəˋreʃən] n.合作，協力；合作社[C]
consequent, [ˋkɑnsə͵kwɛnt] a.隨之發生的
conservative, [kənˋsɝvətɪv] a.保守的，守舊的 n.保守者；防腐劑
cooperative, [koˋɑpə͵retɪv] a.合作的；合作社的
consist, [kənˋsɪst] vi.由..組成[(+of)]；在於…[(+in)]
cope, [kop] vi.對付，妥善處理[(+with)]
consistent, [kənˋsɪstənt] a.始終如一的，前後一致的
copper, [ˋkɑpɚ] n.銅[U]
cord, [kɔrd] n.細繩，粗線；【解】腱，韌帶
consonant, [ˋkɑnsənənt] n.【語】子音；子音；字母[C]
cork, [kɔrk] n.軟木[U]；軟木塞[C]
correspond, [͵kɔrɪˋspɑnd] vi.符合，一致；通信
constitute, [ˋkɑnstə͵tjut] vt.構成，組成
constitution, [͵kɑnstəˋtjuʃən] n.憲法；章程[C]體質，體格
costume, [ˋkɑstjum] n.戲裝[U][C]
cottage, [ˋkɑtɪdʒ] n.農舍，小屋
construct, [kənˋstrʌkt] vt.建造，構成
council, [ˋkaʊns!] n.會議；地方議會[C]
construction, [kənˋstrʌkʃən] n.建造，建設
counter, [ˋkaʊntɚ] n.計算者；櫃臺
constructive, [kənˋstrʌktɪv] a.建設性的；結構上的
counter, [ˋkaʊntɚ] a.n.相反(的)；反對(的)
courageous, [kəˋredʒəs] a.英勇的，勇敢的
consult, [kənˋsʌlt] vt.與…商量；請教；查閱(詞典，參考書等)
courteous, [ˋkɝtjəs] a.殷勤的，謙恭的
courtesy, [ˋkɝtəsɪ] n.禮貌；殷勤，好意
consultant, [kənˋsʌltənt] n.顧問
crack, [kræ k] vi.vt.(使)爆裂，(使)破裂 n.裂縫
consume, [kənˋsjum] vt.消耗，花費
consumer, [kənˋsjumɚ] n.消費者；消耗者
craft, [kræ ft] n.工藝，手藝；船；飛機；
container, [kənˋtenɚ] n.容器(如箱、盒、罐等)
cram, [kræ m] vt.把…塞進[(+into)]；把…塞滿 【口】死記硬背；填鴨式地教
content, [kənˋtɛnt] a.滿足的，滿意的 vt.滿足 n.滿足
content(s), [ˋkɑntɛnt] n.含量；內容
contentment, [kənˋtɛntmənt] a.滿足，知足；滿意[U]
creation, [krɪˋeʃən] n.創造；創作[U]；創作品
contest, [ˋkɑntɛst] n.爭奪，競爭，比賽
creativity, [krɪeˋtɪvətɪ] n.創造力
contest, [kənˋtɛst] vt.vi.爭奪；與…競賽
cripple, [ˋkrɪp!] n.跛子；殘廢的人 vt.使…殘廢
context, [ˋkɑntɛkst] n.【語】上下文
critic, [ˋkrɪtɪk] n.批評家，評論家
demonstration, [͵dɛmənˋstreʃən] n.(用實驗，實例等)證明；示範；示威
critical, [ˋkrɪtɪk!] a.緊要的，關鍵危急的；批評的；愛挑剔的
criticism, [ˋkrɪtɪ͵sizəm] n.批評；評論
criticize, [ˋkrɪtɪ͵saɪz] vt.vi.批評；批判
dense, [dɛns] a.密集的，稠密的
cruelty, [ˋkruəltɪ] n.殘酷，殘忍[U]
depart, [dɪˋpɑrt] vi.【書】起程，出發；離開
crush, [krʌʃ] n.vt.vi.壓碎，壓壞；碾碎 n.迷戀
departure, [dɪˋpɑrtʃɚ] n.離開；出發，起程
cube, [kjub] n.立方體；方塊；三次方
dependable, [dɪˋpɛndəb!] a.可靠的；可信任的
cucumber, [ˋkjukəmbɚ] n.黃瓜，胡瓜[C]
dependent, [dɪˋpɛndənt] a.依靠(賴)的；取決於…的
cue, [kju] n.【戲】提示；信號 vt.給…暗示
cunning, [ˋkʌnɪŋ] a.狡猾的，奸詐的
depress, [dɪˋprɛs] vt.使…沮喪，使…消沉；使…蕭條
curiosity, [͵kjʊrɪˋɑsətɪ] n.好奇心[U]
curl, [kɝl] n.卷毛，卷髮[C] vt.vi.捲曲
depression, [dɪˋprɛʃən] n.沮喪，消沉；不景氣，蕭條
curse, [kɝs] n.vt.vi.詛咒，咒罵
curve, [kɝv] n.曲線，弧線；【棒】曲球 vi.彎曲
deserve, [dɪˋzɝv] vt.應受，該得 [+to-v]
desperate, [ˋdɛspərɪt] a.情急拼命的；極度渴望的
cushion, [ˋkʊʃən] n.坐墊；靠墊；避震器
damn, [dæ m] vt.罵…該死，咒罵 int.該死
despite, [dɪˋspaɪt] n.惡意；怨恨 prep.不管，儘管
damp, [dæ mp] a.有濕氣的；潮濕的 vt.vi.使潮濕
destruction, [dɪˋstrʌkʃən] n.破壞；毀滅
deadline, [ˋdɛd͵laɪn] n.截止期限，最後限期
detective, [dɪˋtɛktɪv] n.偵探；私家偵探 a.偵探的
declare, [dɪˋklɛr] vt.宣布，宣告；聲明申報(納稅品等)
determination, [dɪ͵tɝməˋneʃən] n.堅定；果斷；決心
decoration, [͵dɛkəˋreʃən] n.裝飾[U]；裝飾品
device, [dɪˋvaɪs] n.設備，儀器，裝置
devise, [dɪˋvaɪz] vt.設計；發明；策劃
decrease, [ˋdikris] n.減；減少，減小
decrease, [dɪˋkris] vt.vi.減；減少，減小
devote, [dɪˋvot] vt.將…奉獻(給)[(+to)]
diaper, [ˋdaɪəpɚ] n.【美】尿布[C]
defeat, [dɪˋfit] vt.n.戰勝，擊敗；失敗，挫敗
differ, [ˋdɪfɚ] vi.不同，相異[(+from)]
defend, [dɪˋfɛnd] vt.防禦;保衛；為…辯護；【體】防守
digest, [daɪˋdʒɛst] vt.消化(食物)；領悟，融會貫通
defense, [dɪˋfɛns] n.防禦，保衛；辯護；【體】防守
digest, [ˋdaɪdʒɛst] n.摘要；文摘[C]
digestion, [dəˋdʒɛstʃən] n.消化；(知識等的)領悟[U]
defensible, [dɪˋfɛnsəb!] a.可防禦的；可辯護的
digital, [ˋdɪdʒɪt!] a.數位的；數字的 n.數字顯示式電子表(或鐘)
defensive, [dɪˋfɛnsɪv] a.防禦的；保護的；保衛的
dignity, [ˋdɪgnətɪ] n.尊嚴；莊嚴[U]
definite, [ˋdɛfənɪt] a.明確的，確切的
diligence, [ˋdɪlədʒəns] n.勤勉，勤奮
delicate, [ˋdɛləkət] a.易碎的；嬌貴的；精美的
diploma, [dɪˋplomə] n.畢業文憑，學位證書
diplomat, [ˋdɪpləmæ t] n.外交官
delight, [dɪˋlaɪt] n.欣喜 [U]；樂事 [C] vt.使…高興
disadvantage, [͵dɪsədˋvæntɪdʒ] n.不利；損害
disaster, [dɪˋzæstɚ] n.災害，災難，不幸[C][U]
delightful, [dɪˋlaɪtfəl] a.令人愉快的，令人高興的
discipline, [ˋdɪsəplɪn] n.紀律，風紀；教養[U] vt.訓練，訓導
demand, [dɪˋmænd] n.vt.要求，請求[C][(+for)]
disconnect, [͵dɪskəˋnɛkt] vt.使分離，分開
discourage, [dɪsˋkɝɪdʒ] vt.使洩氣；勸阻
demonstrate, [ˋdɛmən͵stret] vt.(用實驗、實例等)證明；示範 vi.示威
discouragement, [dɪsˋkɝɪdʒmənt] n.沮喪，氣餒[U]；使人洩氣的事物[C]
disguise, [dɪsˋgaɪz] n.vt.假扮，偽裝
electrician, [͵ilɛkˋtrɪʃən] n.電工
disgust, [dɪsˋgʌst] n.作嘔；厭惡 vt.使作嘔
electronics, [ɪlɛkˋtrɑnɪks] n.電子學
dismiss, [dɪsˋmɪs] vt.讓…離開；解散；不考慮
elegant, [ˋɛləgənt] a.雅緻的，優美的
elementary, [͵ɛləˋmɛntərɪ] a.基本的；初級的，基礎的
disorder, [dɪsˋɔrdɚ] n.混亂，無秩序[U]
dispute, [dɪˋspjut] n.vt.vi.爭論；爭執
eliminate, [ɪˋlɪmə͵net] vt.排除]；(比賽中)淘汰
distinct, [dɪˋstɪŋkt] a. 與其他不同的，有區別的
elsewhere, [ˋɛls͵hwɛr] adv.在別處；往別處
electronic mail, [ˋiˋmel] n.【電腦】電子郵件
distinguish, [dɪˋstɪŋgwɪʃ] vt.vi.區別；識別
distinguished, [dɪˋstɪŋgwɪʃt] a.卓越的；著名的
embarrass, [ɪmˋbærəs] vt.使窘；使不好意思
distribute, [dɪˋstrɪbjʊt] vt.分發；分配
embarrassment, [ɪmˋbærəsmənt] n.窘；難堪 使人為難的人(或事物)[C]
distribution, [͵dɪstrəˋbjuʃən] n.分發；配給物
district, [ˋdɪstrɪkt] n.區，行政區；地區，區域
disturb, [dɪsˋtɝb] vt.vi.妨礙，打擾
divine, [dəˋvaɪn] a.神的，神性的
embassy, [ˋɛmbəsɪ] n.(常大寫)大使館[C]
divorce, [dəˋvors] n.vt.vi.離婚
emerge, [ɪˋmɝdʒ] vi.浮現；出現[(+from/out of)]
dominant, [ˋdɑmənənt] a.佔優勢的，支配的
dominate, [ˋdɑmə͵net] vt.vi.支配，統治，控制
emotional, [ɪˋmoʃən!] a.感情(上)的；易動情的
dormitory, [ˋdɔrmə͵torɪ] n.學生宿舍(dorm)
emphasis, [ˋɛmfəsɪs] n.強調，重視，重點
download, [ˋdaʊn͵lod] vt.下載
empire, [ˋɛmpaɪr] n.帝國[C]；大企業[C]
doze, [doz] vi.n.打瞌睡，打盹
enclose, [ɪnˋkloz] vt.圍住；圈起
draft, [dræ ft] n.草稿[C]；【美】徵兵[U] vt.起草；徵兵
encounter, [ɪnˋkaʊntɚ] n.vt.遭遇(敵人)；遇到(困難，危險等)；意外地遇見(朋友等)
dread, [drɛd] vt.vi.懼怕；擔心[+to-v][+v-ing][+(that)] n.懼怕；擔心
endanger, [ɪnˋdendʒɚ] vt.危及；使遭到危險
endure, [ɪnˋdjʊr] vt.忍耐，忍受；容忍
enforce, [ɪnˋfors] vt.實施，執行
drift, [drɪft] vi.vt.n.漂，漂流
enforcement, [ɪnˋforsmənt] n.實施，執行；強制
drill, [drɪl] vt.vi.鑽(孔)；在…上鑽孔；操練；訓練n.鑽，鑽頭；鑽床[C]；操練；訓練
engineering, [͵ɛndʒəˋnɪrɪŋ] n.工程；工程學[U]
enlarge, [ɪnˋlɑrdʒ] vt.放大；擴大；擴展
enlargement, [ɪnˋlɑrdʒmənt] n.放大；擴大；擴展
durable, [ˋdjʊrəb!] a.經久的，耐用的
dusty, [ˋdʌstɪ] a.滿是灰塵的，灰塵覆蓋的
enormous, [ɪˋnɔrməs] a.巨大的，龐大的
digital video disk, n.DVD 碟片
entertain, [͵ɛntɚˋten] vt.娛樂；招待，款待
dye, [daɪ] n.染料，染色[C][U] vt.vi.染(色)
entertainment, [͵ɛntɚˋtenmənt] n.娛樂；餘興；演藝
dynamic, [daɪˋnæmɪk] a.力學的；有活力的
dynasty, [ˋdaɪnəstɪ] n.王朝；朝代[C]
enthusiasm, [ɪnˋθjuzɪ͵æ zəm] n.熱情，熱忱
earnest, [ˋɝnɪst] a.認真的；誠摯的 n.認真，誠摯[U]
envious, [ˋɛnvɪəs] a.嫉妒的；羨慕的[(+of)]
equality, [iˋkwɑlətɪ] n.相等；平等；【數】等式
earphone, [ˋɪr͵fon] n.耳機；聽筒
economic, [͵ikəˋnɑmɪk] a.經濟上的；合算的 equip [ɪˋkwɪp] vt.裝備，配備[(+for/with)]
economical, [͵ikəˋnɑmɪk!] a.經濟的，節約的
equipment, [ɪˋkwɪpmənt] n.配備，裝備；設備；器械
economics, [͵ikəˋnɑmɪks] n.經濟學
economist, [iˋkɑnəmɪst] n.經濟學者；節儉的人
era, [ˋɪrə] n.時代；年代
errand, [ˋɛrənd] n.差事，差使
economy, [ɪˋkɑnəmɪ] n. 經濟(情況)；節約；經濟艙
escalator, [ˋɛskə͵letɚ] n.電扶梯
essay, [ˋɛse] n.論說文；散文
efficiency, [ɪˋfɪʃənsɪ] n.效率；效能
essential, [ɪˋsɛnʃəl] a.必要的，不可缺的[(+to/for)]；本質的，基本的
elastic, [ɪˋlæstɪk] a.有彈性的，有彈力的n.橡皮帶，鬆緊帶
establish, [əˋstæblɪʃ] vt.建立，設立；確定，證實
farewell, [ˋfɛrˋwɛl] int.再會！別了! n.告別 a.告別的
establishment, [ɪsˋtæblɪʃmənt] n.建立，建立的機構，公司[C]
fatal, [ˋfet!] a.命運的；致命的，生死攸關的
favorable, [ˋfevərəb!] a.贊同的；有利的，適合的
estimate, [ˋɛstə͵met] vt.vi.n.估計，估量
evaluate, [ɪˋvæljʊ͵et] vt.估…的價；對…評價
feast, [fist] n.盛宴，筵席
evaluation, [ɪ͵væ ljʊˋeʃən] n.估價，評價；估算
ferry, [ˋfɛrɪ] n.渡輪
fertile, [ˋfɝt!] a.(動植物)多產的；(土地)肥沃的
eve, [iv] n.(通常大寫)(節日等的)前夜，前夕
eventual, [ɪˋvɛntʃʊəl] a.最終發生的；最後的
fetch, [fɛtʃ] vt.去拿…；(去)拿來
evidence, [ˋɛvədəns] n.證據；證詞；證人；物證
fiction, [ˋfɪkʃən] n.(總稱)小說[U]；虛構，想像[U]
evident, [ˋɛvədənt] a.明顯的；明白的
fierce, [fɪrs] a. 兇猛的；殘酷的；猛烈的，激烈的
exaggerate, [ɪgˋzædʒə͵ret] vt.vi.誇張，誇大
examinee, [ɪg͵zæməˋni] n.應試者；受檢查者
finance, [faɪˋnæns] n.財政；金融；財政學[U]
examiner, [ɪgˋzæmɪnɚ] n.主考人；檢查人；審查員
financial, [faɪˋnænʃəl] a.財政的；金融的；金融界的
exception, [ɪkˋsɛpʃən] n.例外[C]；除外，除去
firecracker, [ˋfaɪr͵krækɚ] n.爆竹，鞭炮[C]
exhaust, [ɪgˋzɔst] vt.用完，耗盡；使精疲力盡 n.排出；排氣(水)；排出的氣[U]
fireplace, [ˋfaɪr͵ples] n.壁爐[C]
flatter, [ˋflætɚ] vt.諂媚；奉承
exhibit, [ɪgˋzɪbɪt] n.vt.展示，陳列；(在法庭)提出(證據) n.展示品；
flee, [fli] vi.vt.逃，逃走
flexible, [ˋflɛksəb!] a.可彎曲的；有彈性的；可變通的
expand, [ɪkˋspænd] vt.vi.展開，張開(帆，翅)；使膨脹
fluent, [ˋfluənt] a.流利的，流暢的
flunk, [flʌŋk] vt.vi.使(某人)不及格；通不過(考試等)
expansion, [ɪkˋspænʃən] n.擴展；擴張；膨脹
flush, [flʌʃ] vi.湧流；(臉)發紅 vt.用水沖洗；使發紅 n.沖洗；紅光；紅暈
explanation, [͵ɛkspləˋneʃən] n.說明，解釋
explore, [ɪkˋsplor] vt.vi.探測；探勘；探索
foam, [fom] n.泡沫；滅火泡沫[U] vi.起泡
explosion, [ɪkˋsploʒən] n.爆發；爆炸；擴張，劇增
forbid, [fɚˋbɪd] vt.禁止，不許[+v-ing]
explosive, [ɪkˋsplosɪv] a.爆炸(性)的 n.爆炸物；炸藥
forecast, [ˋfor͵kæst] n.vt.vi.預測，預報
formation, [fɔrˋmeʃən] n.形成，構成；構成物；隊形
expose, [ɪkˋspoz] vt.使暴露於；使接觸到；揭發
formula, [ˋfɔrmjələ] n.慣用語句；慣例；配方，處方【數】公式；方程式；【化】分子式
exposure, [ɪkˋspoʒɚ] n.暴露；暴曬[U]；揭發
extend, [ɪkˋstɛnd] vt.vi.延長，延伸；擴大，擴展
fort, [fort] n.堡壘，要塞
extent, [ɪkˋstɛnt] n.廣度，寬度；程度；限度；範圍
fortunate, [ˋfɔrtʃənɪt] a.幸運的，僥倖的
fossil, [ˋfɑs!] n.化石；頑固不化的人
facial, [ˋfeʃəl] a.臉的；面部的 n.臉部按摩
foundation, [faʊnˋdeʃən] n.建立，創辦；基礎；基本設施[C]原則；基金會；(建築物的)地基
facility, [fəˋsɪlətɪ] n.能力，技能[U]；設備，
faithful, [ˋfeθfəl] a.忠實的；忠誠的
founder, [ˋfaʊndɚ] n.創立者；奠基者
fame, [fem] n.聲譽，名望 [U]
fragrance, [ˋfregrəns] n.芬芳；香味；香氣
fantastic, [fænˋtæstɪk] a.【口】極好的，了不起的，難以置信的，驚人的
fragrant, [ˋfregrənt] a.香的，芳香的
frame, [frem] n.架構，骨架；結構；框架，框子
fantasy, [ˋfæntəsɪ] n.空想；幻想；夢想；空
freeway, [ˋfrɪ͵we] n.【美】高速公路
frequency, [ˋfrikwənsɪ] n.頻率，次數
gracious, [ˋgreʃəs] a.親切的；和藹的；慈祥的
freshman, [ˋfrɛʃmən] n.(大學等的)一年級生；新人
graduation, [͵grædʒʊˋeʃən] n.畢業[U]；畢業典禮[C]
frost, [frɑst] n.霜 vt.vi.結霜
frown, [fraʊn] vi.vt.n.皺眉；表示不滿
grammar, [ˋgræmɚ] n.文法[U]
frustration, [͵frʌsˋtreʃən] n.挫折，失敗
grammatical, [grəˋmætɪk!] a.文法的；文法正確的
fuel, [ˋfjʊəl] n.燃料 vt.vi.對…供給燃料；激起；刺激
grapefruit, [ˋgrep͵frut] n.葡萄柚
fulfill, [fʊlˋfɪl] vt.執行(命令等)；履行(諾言等)完成(任務等)；實現
grateful, [ˋgretfəl] a.感謝的，感激的
gratitude, [ˋgrætə͵tjud] n.感恩，感謝
grave, [grev] n.墓穴；埋葬處
fulfillment, [fʊlˋfɪlmənt] n.完成，履行；實現
grave, [grev] a.重大的；嚴重的；嚴肅的，認真的
functional, [ˋfʌŋkʃən!] a.機能的
fundamental, [͵fʌndəˋmɛnt!] a.基礎的；根本的
greasy, [ˋgrizɪ] a.油汙的，油膩的；油滑的
greeting(s), [ˋgritɪŋ(s)] n.問候，招呼；(生日等的)祝願詞
funeral, [ˋfjunərəl] n.葬禮；葬儀
furious, [ˋfjʊərɪəs] a. 狂怒的；狂暴的，猛烈的
grief, [grif] n.悲痛，悲傷
grieve, [griv] vt.vi.(使)悲傷；(使)苦惱
furnish, [ˋfɝnɪʃ] vt.給(房間)配置(傢俱等)；裝備；供應
grind, [graɪnd] vt.vi.磨(碎)；碾(碎)
furthermore, [ˋfɝðɚˋmor] adv.而且，此外
guarantee, [gæ rənˋti] n.保證；商品保證；保證書 vt.保證；擔保
gallery, [ˋgælərɪ] n.畫廊，美術館
gangster, [ˋgæŋstɚ] n.(結成團伙的)歹徒，匪盜、流氓
guilt, [gɪlt] n.有罪；犯罪；過失；內疚
gaze, [gez] vi.n.凝視，注視，盯
guilty, [ˋgɪltɪ] a.有罪的，犯…罪的[(+of)]
gear, [gɪr] n.齒輪；傳動裝置；(汽車)排檔；工具；設備，裝置；(飛機的)起落架
gulf, [gʌlf] n.海灣
habitual, [həˋbɪtʃʊəl] a.習慣的，習以為常的
halt, [hɔlt] n.vt.vi.暫停，停止；終止
gene, [dʒin] n.【生】基因，遺傳因子
handwriting, [ˋhænd͵raɪtɪŋ] n.筆跡；書寫；手寫
generation, [͵dʒɛnəˋreʃən] n.世代，一代；產生、發生
harden, [ˋhɑrdn] vt.vi.(使)變硬；(使)變堅固
generosity, [͵dʒɛnəˋrɑsətɪ] n.寬宏大量；慷慨
hardship, [ˋhɑrdʃɪp] n.艱難，困苦
genius, [ˋdʒinjəs] n.天資，天賦 [U]；天才，英才[C]
hardware, [ˋhɑrd͵wɛr] n.金屬器件，五金器具；【電腦】硬體
genuine, [ˋdʒɛnjʊɪn] a.真的，非偽造的；真誠的
harmonica, [hɑrˋmɑnɪkə] n.口琴
germ, [dʒɝm] n.細菌；微生物
harmony, [ˋhɑrmənɪ] n.和睦；和諧；和聲
gifted, [ˋgɪftɪd] a.有天資的，有天賦的
harsh, [hɑrʃ] a.粗糙的；刺耳的；澀口的；刺鼻的
gigantic, [dʒaɪˋgæntɪk] a. 巨大的；巨人的
giggle, [ˋgɪg!] n.vi 咯咯地笑；傻笑[(+at)]
haste, [hest] n.急忙，迅速
ginger, [ˋdʒɪndʒɚ] n.薑；【口】精力，活力
hasten, [ˋhesn] vt.vi.催促；加速
glide, [glaɪd] n.vt.vi.滑動，滑行
hatred, [ˋhetrɪd] n.憎恨，增惡；敵意
glimpse, [glɪmps] n.vi.vt.瞥見；一瞥
headphone(s), [ˋhɛd͵fon] n.頭戴式耳機
globe, [glob] n.球；球狀物；地球儀
healthful, [ˋhɛlθfəl] a.有益於健康的
glorious, [ˋglorɪəs] a.光榮的，榮耀的
helicopter, [ˋhɛlɪkɑptɚ] n.直升機
goods, [gʊdz] n.商品；貨物
herd, [hɝd] n.畜群；牧群
grace, [gres] n.優美；優雅；(票據到期後的)寬限[U]；(神的)恩典
hesitation, [͵hɛzəˋteʃən] n.躊躇，猶豫
highly, [ˋhaɪlɪ] adv.非常，很，高度地
homeland, [ˋhom͵lænd] n.祖國；故國；家鄉
honeymoon, [ˋhʌnɪ͵mun] n.蜜月(假期、旅行)
graceful, [ˋgresfəl] a.優美的，雅緻的
honorable, [ˋɑnərəb!] a.可尊敬的；高尚的；光榮的
impact, [ɪmˋpækt] vt.vi.衝擊，撞擊
hook, [hʊk] n.鉤，掛鉤，魚鉤；鉤拳；鉤射
impact, [ˋɪmpæ kt] n.衝擊，撞擊，碰撞[
hopeful, [ˋhopfəl] a.有希望的；有前途的
imply, [ɪmˋplaɪ] vt.暗指；暗示
horizon, [həˋraɪzn] n.地平線；眼界；(知識、經驗的)範圍
impression, [ɪmˋprɛʃən] n.印象[C][U][(+on)]
incident, [ˋɪnsədnt] n.事件；事變[C]；插曲[C]
horrify, [ˋhɔrə͵faɪ] vt.使恐懼，使驚懼
including, [ɪnˋkludɪŋ] prep.包括；包含
hose, [hoz] n.軟管；(軟)水管
indication, [͵ɪndəˋkeʃən] n.指示；指點；徵兆；跡象
host, [host] n.主人；旅館老板；節目主持人【生】寄主，宿主vt.作…主人，主辦，主持
industrialize, [ɪnˋdʌstrɪəl͵aɪz] vt.vi.(使)工業化
infant, [ˋɪnfənt] n.嬰兒
infect, [ɪnˋfɛkt] vt.【醫】傳染；感染
hostel, [ˋhɑst!] n.(青年)旅舍
infection, [ɪnˋfɛkʃən] n.傳染；侵染[U]
household, [ˋhaʊs͵hold] n.一家人；家眷；家庭
inflation, [ɪnˋfleʃən] n.通貨膨脹[U][C]；充氣；膨脹[U]
housewife, [ˋhaʊs͵waɪf] n.家庭主婦
influential, [͵ɪnflʊˋɛnʃəl] a.有影響力的；有權勢的
housework, [ˋhaʊs͵wɝk] n.家事[U]
humanity, [hjuˋmænətɪ] n.人性；人道；(總稱)人；人類；人文學科
information, [͵ɪnfɚˋmeʃən]n.消息；情報；資訊[U]；詢問處
humidity, [hjuˋmɪdətɪ] n.濕氣，濕度[U]
informative, [ɪnˋfɔrmətɪv] a.教育性的；見聞廣博的
hurricane, [ˋhɝɪ͵ken] n.颶風，暴風雨
hydrogen, [ˋhaɪdrədʒən] n.【化】氫[U]
ingredient, [ɪnˋgridɪənt] n.(烹調的)原料；(混合物的)組成部分
iceberg, [ˋaɪs͵bɝg] n.冰山；冷峻的人
identical, [aɪˋdɛntɪk!] a.同一的；完全相同的；(雙胞)同卵的
initial, [ɪˋnɪʃəl] a.開始的，最初的 n.(字的)起首字母
identification, [aɪ͵dɛntəfəˋkeʃən] n.認出；識別；身分證明；身分證
innocence, [ˋɪnəsns] n.無罪；清白；天真無邪，純真
identify, [aɪˋdɛntə͵faɪ] vt.確認；識別 vi.認同
input, [ˋɪn͵pʊt] n.vt.投入；輸入
insert, [ɪnˋsɝt] vt.插入；嵌入
idiom, [ˋɪdɪəm] n.慣用語；成語
inspection, [ɪnˋspɛkʃən] n.檢查，檢驗
idle, [ˋaɪd!] a.閒置的；空閒的；懶惰的；無所事事的
inspiration, [͵ɪnspəˋreʃən] n.靈感[U]；鼓舞人心的人(或事物)[C]
idol, [ˋaɪd!] n.偶像；受崇拜之人(或物)
inspire, [ɪnˋspaɪr] vt.vi.鼓舞，激勵
ignorant, [ˋɪgnərənt] a.無知的，不學無術的；不知道的
install, [ɪnˋstɔl] vt.安裝，設置
instinct, [ˋɪnstɪŋkt] n.本能；天性[(+to-v)]；直覺
illustrate, [ˋɪləstret] vt.(用圖，實例等)說明，闡明
instruct, [ɪnˋstrʌkt] vt.指示，命令；教授；訓練
illustration, [ɪ͵lʌsˋtreʃən] n.說明，圖示[U]；實例；插圖[C]
instructor, [ɪnˋstrʌktɚ] n.教員；指導者；【美】大學講師
imaginable, [ɪˋmædʒɪnəb!] a.可想像得到的
imaginary, [ɪˋmædʒə͵nɛrɪ] a.想像中的；虛構的
insult, [ɪnˋsʌlt] vt.侮辱，羞辱
insurance, [ɪnˋʃʊrəns] n.保險；保險契約[U]
imaginative, [ɪˋmædʒə͵netɪv] a.有想像力的
intellectual, [͵ɪnt!ˋɛktʃʊəl] a.智力的；理智的 n.知識分子
imitate, [ˋɪmə͵tet] vt.模仿
imitation, [͵ɪməˋteʃən] n.模仿，模擬[U]；仿製品；贗品[C]
intelligence, [ɪnˋtɛlədʒəns] n.智慧；情報 [U]
intelligent, [ɪnˋtɛlədʒənt] a.聰明的；明智的
immigrant, [ˋɪməgrənt] n.(外來)移民，僑民[C]a.移入的
intend, [ɪnˋtɛnd] vt.想要；打算[+to-v][+v-ing][+(that)]
immigrate, [ˋɪmə͵gret] vi.遷移；遷入
intense, [ɪnˋtɛns] a.強烈的，劇烈的；熱情的
immigration, [͵ɪməˋgreʃən] n.移居；【美】(總稱)(外來的)移民
intensify, [ɪnˋtɛnsə͵faɪ] vt.vi.加強，增強
intensity, [ɪnˋtɛnsətɪ] n.(思想、感情、活動等的)強烈； (電、熱、光、聲等的)強度
lately, [ˋletlɪ] adv.最近，近來
intensive, [ɪnˋtɛnsɪv] a.加強的；密集的
launch, [lɔntʃ] vt.n.使(船)下水；發射；投擲；使升空
intention, [ɪnˋtɛnʃən] n.意圖，意向，目的
interact, [͵ɪntəˋrækt] vt.vi.互動； 互相作用
lawful, [ˋlɔfəl] a. 合法的；法定的
interaction, [͵ɪntəˋrækʃən] n.互動； 互相作用
lead, [lid] vt.vi.n.引導；領(路) [lɛd] n.鉛
interfere, [͵ɪntɚˋfɪr] vt.vi.妨礙；衝突[(+with)]
intermediate, [͵ɪntɚˋmidɪət] a.中間的，中等程度的
lean, [lin] n.vi.vt.傾斜；倚，靠
lean, [lin] a.瘦的；無收成的
Internet, [ˋɪntɚnɛt] n.【電腦】網際網路
learned, [ˋlɝnɪd] a.有學問的，博學的
learning, [ˋlɝnɪŋ] n.學習；學問
interpret, [ɪnˋtɝprɪt] vt.vi.解釋，說明，詮釋；口譯
lecture, [ˋlɛktʃɚ] n.授課；演講；訓話，告誡vi.演講；講課 vt.給…講課；訓斥
interruption, [͵ɪntəˋrʌpʃən] n.中止；阻礙；干擾
lecturer, [ˋlɛktʃərɚ] n.講演者
legend, [ˋlɛdʒənd] n.傳說；傳奇故事；傳奇人物[C]
intimate, [ˋɪntəmɪt] a.親密的，熟悉的[(+with)]
intonation, [͵ɪntoˋneʃən] n.語調；聲調
leisurely, [ˋliʒɚlɪ] a.從容不迫的，悠閒的 adv.從容不迫地，慢慢地
invade, [ɪnˋved] vt.vi.侵入，侵略；侵犯
invasion, [ɪnˋveʒən] n.侵入，侵略；侵犯
license, [ˋlaɪsns] n.執照，牌照；許可證
invention, [ɪnˋvɛnʃən] n.發明，創造[U]；發明物，創作品[C]
lighten, [ˋlaɪtn] vt.vi.變亮；發亮
limitation, [͵lɪməˋteʃən] n.限制，極限，限度
invest, [ɪnˋvɛst] vt.vi.投(資)[(+in)]
liquor, [ˋlɪkɚ] n.酒；含酒精飲料[U][C]
investment, [ɪnˋvɛstmənt] n.投資；投資額
literary, [ˋlɪtə͵rɛrɪ] a.文學的，文藝的；文言的
investigation, [ɪn͵vɛstəˋgeʃən] n.研究；調查
involve, [ɪnˋvɑlv] vt.使捲入，連累；牽涉[(+in/with)]
literature, [ˋlɪtərətʃɚ] n.文學；文獻[U]
loan, [lon] n.借出；貸款[C]
involvement, [ɪnˋvɑlvmənt] n.捲入，連累；牽涉
location, [loˋkeʃən] n.位置；場所，所在地[C]
locker, [ˋlɑkɚ] n.(體育館等公共場所的)衣物櫃
isolate, [ˋaɪs!͵et] vt.vi.使孤立；使脫離
isolation, [͵aɪs!ˋeʃən] n.隔離；孤立;脫離；絕緣
logic, [ˋlɑdʒɪk] n.邏輯；邏輯學
logical, [ˋlɑdʒɪk!] a.合邏輯的；合理的
itch, [ɪtʃ] n.vi.vt.(發)癢
lotion, [ˋloʃən] n.(化妝等用的)化妝水，護膚液
jealousy, [ˋdʒɛləsɪ] n.妒忌；猜忌
junior, [ˋdʒunjɚ] a.年紀較輕的；資淺的；(大學)三年級(生)的n.較年少者；晚輩
lousy, [ˋlaʊzɪ] a.【俚】不潔的；卑鄙的；討厭的
loyal, [ˋlɔɪəl] a.忠誠的，忠心的
keen, [kin] a.熱心的，熱衷的；渴望的；敏銳的
loyalty, [ˋlɔɪəltɪ] n.忠誠；忠心[U]
lunar, [ˋlunɚ] a.月的；月球上的；陰曆的
knuckle, [ˋnʌk!] n.指(根)關節
luxurious, [lʌgˋʒʊrɪəs] a.奢侈的；驕奢淫逸的
labor, [ˋlebɚ] n.勞動[U]；勞工 [U]；陣痛[U] vi.勞動
luxury, [ˋlʌkʃərɪ] n.奢侈，奢華[U]；奢侈品[C]
machinery, [məˋʃinərɪ] n.機器；機械 [U]
laboratory, [ˋlæbrə͵torɪ] n.實驗室，研究室
madam, [ˋmædəm] n.(對婦女的敬稱)夫人，太太，小姐(ma’am [mæm])
lag, [læ g] n.vi.vt.走得慢；落後；延遲
landmark, [ˋlænd͵mɑrk] n.地標，陸標；重大事件，里程碑
magnetic, [mægˋnɛtɪk] a. 磁鐵的；磁性的，有魅力的
landscape, [ˋlænd͵skep] n.(陸上的)風景，景色
magnificent, [mægˋnɪfəsənt] a.壯麗的，宏偉的
landslide, [ˋlænd͵slaɪd] n.山崩；土石流
makeup, [ˋmekʌp] n.虛構
makeup, [ˋmekʌp] n.化妝品；補充；補考
largely, [ˋlɑrdʒlɪ] adv.大部分；主要地
manual, [ˋmænjʊəl] n.手冊，簡介 a.手的；手工的
monument, [ˋmɑnjəmənt] n.紀念碑，紀念塔，紀念館
manufacture, [͵mænjəˋfæktʃɚ] vt.vi.(大量)製造，加工
moreover, [morˋovɚ] adv.並且，加之，此外
manufacturer, [mæ njəˋfæktʃərɚ] n.製造業者，廠商
mostly, [ˋmostlɪ] adv.大多數地，大部分地
motivate, [ˋmotə͵vet] vt.給…動機；刺激；激發
marathon, [ˋmærə͵θɑn] n.【體】(可大寫)馬拉松賽跑
motivation, [͵motəˋveʃən] n.動機；刺激；推動
margin, [ˋmɑrdʒɪn] n.邊，邊沿，邊緣
maturity, [məˋtjʊrətɪ] n.成熟；完善
mountainous, [ˋmaʊntənəs] a.多山的；有山的
maximum, [ˋmæksəməm] n.最大量，最大數 a.最大的；最多的
mow, [mo] vt.vi.(用鐮刀等)刈(草等)
Music Television, n.音樂電視(字首大寫)
measure, [ˋmɛʒɚ] vt.測量；計量 n.措施；手段；方法
muddy, [ˋmʌdɪ] a.多爛泥的；泥濘的
multiple, [ˋmʌltəp!] a.複合的；多樣的
mechanic, [məˋkænɪk] n.機械工，技工
murderer, [ˋmɝdərɚ] n.謀殺犯，兇手
mechanical, [məˋkænɪk!] a.機械的，用機械的
murmur, [ˋmɝmɚ] n.低語聲；輕柔持續的聲音 vt.vi.私語，小聲說話
memorable, [ˋmɛmərəb!] a.值得懷念的；難忘的
memorial, [məˋmorɪəl] n.紀念物；紀念碑；紀念館
mustache, [ˋmʌstæ ʃ] n.髭，小鬍子
mutual, [ˋmjutʃʊəl] a.相互的，彼此的；共有(同)的
mercy, [ˋmɝsɪ] n.慈悲，憐憫；仁慈，寬容
mere, [mɪr] a.僅僅的，只不過的
mysterious, [mɪsˋtɪrɪəs] a.神祕的；不可思議的
merit, [ˋmɛrɪt] n.長處，優點[C]；功績，功勞
namely, [ˋnemlɪ] adv.即，那就是
messenger, [ˋmɛsndʒɚ] n.送信人；(電報郵件的)信差
nationality, [͵næʃəˋnælətɪ] n.國籍
nearsighted, [ˋnɪrˋsaɪtɪd] a.近視的；目光短淺的
messy, [ˋmɛsɪ] a.凌亂的; 雜亂的; 邋遢的
microscope, [ˋmaɪkrə͵skop] n.顯微鏡[C]
needy, [ˋnidɪ] a.貧窮的
mild, [maɪld] a.溫和的，溫柔的
neglect, [nɪgˋlɛkt] vt.n.忽視，忽略
mineral, [ˋmɪnərəl] n.礦物；礦泉水 a.礦物的
negotiate, [nɪˋgoʃɪ͵et] vt.vi.談判，協商
minimum, [ˋmɪnəməm] n.最小量，最小數[C]a.最小的，最少的，最低的
nevertheless, [͵nɛvɚðəˋlɛs] adv.不過，然而
nonetheless, [͵nʌnðəˋlɛs] adv. 不過，然而
nightmare, [ˋnaɪt͵mɛr] n.夢魘；惡夢
minister, [ˋmɪnɪstɚ] n.部長；大臣；牧師
nonsense, [ˋnɑnsɛns] n.胡說；胡鬧 int.胡說!廢話！
ministry, [ˋmɪnɪstrɪ] n.(常大寫)(政府的)部
mischief, [ˋmɪstʃɪf] n.頑皮，淘氣；胡鬧[U]
noun, [naʊn] n.【文】名詞
miserable, [ˋmɪzərəb!] a.不幸的；悲哀的
nowadays, [ˋnaʊə͵dez] adv.現今，時下
misfortune, [mɪsˋfɔrtʃən] n.不幸[U]；不幸的事
nuclear, [ˋnjuklɪɚ] a.核心的，中心的；原子核的
mislead, [mɪsˋlid] vt.誤導；把…引入歧途
numerous, [ˋnjumərəs] a.許多的，很多的
misunderstand, [ˋmɪsʌndɚˋstænd] vt.誤會；曲解
nursery, [ˋnɝsərɪ] n.幼兒室，育兒室；苗圃；養魚場
moderate, [ˋmɑdərɪt] a.適度的；有節制的；溫和的
nylon, [ˋnaɪlɑn] n.尼龍[U]
obedience, [əˋbidjəns] n.服從，順從[U]
modest, [ˋmɑdɪst] a.謙虛的，審慎的
obedient, [əˋbidjənt] a.服從的，順從的
modesty, [ˋmɑdɪstɪ] n.謙遜，虛心[U]
objection, [əbˋdʒɛkʃən] n.反對；異議
monitor, [ˋmɑnətɚ] n.監視器；(學校的)班長，級長 vt.監控；監聽
objective, [əbˋdʒɛktɪv] a.客觀的，無偏見的
objective, [əbˋdʒɛktɪv] n.目的，目標
observation, [͵ɑbzɝˋveʃən] n.觀察；觀測
monthly, [ˋmʌnθlɪ] a.每月的；每月一次的 adv.每月 n.月刊
obstacle, [ˋɑbstək!] n.障礙(物)；妨礙[C][(+to)]
obtain, [əbˋten] vt.得到，獲得
occasional, [əˋkeʒən!] a.偶爾的，非經常的
penalty, [ˋpɛn!tɪ] n.處罰；刑罰[U][C][(+for)]
occupation, [͵ɑkjəˋpeʃən] n.佔領[U]；職業[C]
percent, [pɚˋsɛnt] n.百分之一[C]；百分率
occupy, [ˋɑkjə͵paɪ] vt.佔領，佔據
offend, [əˋfɛnd] vt.冒犯；觸怒
percentage, [pɚˋsɛntɪdʒ] n.比例；部分
offense, [əˋfɛns] n.罪過；犯法(行為)[C]；進攻，攻擊
perfection, [pɚˋfɛkʃən] n.完美
perfume, [ˋpɝfjum] n.香水；香料
offensive, [əˋfɛnsɪv] a.冒犯的；進攻的
permanent, [ˋpɝmənənt] a.永久的，永恆的
opera, [ˋɑpərə] n.歌劇[C]；歌劇院[C]；歌劇藝術[U]
persuasion, [pɚˋsweʒən] n.說服，勸說[U]
operation, [͵ɑpəˋreʃən] n.操作；運轉[U]；手術
persuasive, [pɚˋswesɪv] a.勸說的；有說服力的
oppose, [əˋpoz] vt.vi.反對；反抗
pessimistic, [͵pɛsəˋmɪstɪk] a.悲觀的；悲觀主義的
oral, [ˋorəl] a.口頭的，口述的
orbit, [ˋɔrbɪt] n.(天體等的)運行軌道 vt.環繞(天體等)的軌道運行
petal, [ˋpɛt!] n.花瓣
phenomenon, [fəˋnɑmə͵nɑn] n.現象[C]
orchestra, [ˋɔrkɪstrə] n.管弦樂隊
organic, [ɔrˋgænɪk] a.有機體的，生物的；器官
philosopher, [fəˋlɑsəfɚ] n.哲學家
philosophical, [͵fɪləˋsɑfɪk!] a.哲學的、冷靜的、哲學上的
otherwise, [ˋʌðɚ͵waɪz] adv.否則、不然；用別的方法
philosophy, [fəˋlɑsəfɪ] n.哲學[U]；人生觀；主義[U][C]
outcome, [ˋaʊt͵kʌm] n.結果；結局
outstanding, [ˋaʊtˋstændɪŋ] a.顯著的；傑出的
photography, [fəˋtɑgrəfɪ] n.攝影術[U]
oval, [ˋov!] n.卵形(物)[C] a.橢圓形的
physical, [ˋfɪzɪk!] a.身體的，肉體的；物理(學)的
overcome, [͵ovɚˋkʌm] vt.vi.戰勝；克服
overlook, [͵ovɚˋlʊk] vt.vi.眺望，俯瞰；看漏，忽略
physician, [fɪˋzɪʃən] n.醫師；內科醫生(doctor)
overnight, [ˋovɚˋnaɪt] a.adv.整夜；一夜間，突然
physicist, [ˋfɪzɪsɪst] n.物理學家
physics, [ˋfɪzɪks] n.物理學
overtake, [͵ovɚˋtek] vt.vi.追上；趕上；超車
pianist, [pɪˋænɪst] n.鋼琴家；鋼琴演奏者
overthrow, [ˋovɚθro] vt.vi.打倒；推翻
pickpocket, [ˋpɪk͵pɑkɪt] n.扒手
oxygen, [ˋɑksədʒən] n.【化】氧；氧氣[U]
pioneer, [͵paɪəˋnɪr] n.拓荒者；先驅者 vt.開闢，倡導
pace, [pes] n.一步； 步速；速度 vi.踱步，慢慢地走
pirate, [ˋpaɪrət] n.海盜；劫掠者；剽竊者；盜版者 vt.vi.(以海盜方式)掠奪；盜版
panel, [ˋpæn!] n.嵌(鑲)板；【機】控制板；專門小組
plentiful, [ˋplɛntɪfəl] a.豐富的，充足的
parachute, [ˋpærə͵ʃut] n.降落傘
plot, [plɑt] n.陰謀；祕密計畫；(小說，戲劇等的)情節
paragraph, [ˋpærə͵græ f] n.(文章的)段，節
partial, [ˋpɑrʃəl] a.部分的，局部的；不公平的，偏袒的
plural, [ˋplʊrəl] n.複數[U] a.【文】複數的
participation, [pɑr͵tɪsəˋpeʃən] n.參加，參與
post meridiem, 下午；午後
participle, [ˋpɑrtəsəp!] n.【文】分詞[C]
Prime Minister, 首相；內閣總理
partnership, [ˋpɑrtnɚ͵ʃɪp] n.合夥(或合作)關係[U]
poisonous, [ˋpɔɪznəs] a.有毒的；有害的
polish, [ˋpɑlɪʃ] vt.vi.磨光，擦亮 n.磨光粉；擦亮劑
passive, [ˋpæsɪv] a.被動的；消極的
pasta, [ˋpɑstə] n.麵糰；義大利麵(包括通心粉，細麵條等)
pollution, [pəˋluʃən] n.汙染
popularity, [͵pɑpjəˋlærətɪ] n.普及；大眾化；聲望
pebble, [ˋpɛb!] n.小卵石[C]
peculiar, [pɪˋkjuljɚ] a.奇怪的；乖癖的
portable, [ˋportəb!] a.手提式的；輕便的
pedal, [ˋpɛd!] n.踏板；腳蹬
porter, [ˋportɚ] n.(車站，機場等的)搬運工人，腳夫
peer, [pɪr] n.(地位，能力等)同等的人；同輩 vt.與…相比，與…同等
portray, [porˋtre] vt.畫(人物，風景等)；(用語言)描寫
possess, [pəˋzɛs] vt.擁有，持有；具有；佔有
possession, [pəˋzɛʃən] n.擁有；佔有[U]；所有物；財產
prosperity, [prɑsˋpɛrətɪ] n.興旺，繁榮，昌盛，成功[U]
precise, [prɪˋsaɪs] a.精準的；確切的；恰好的
prosperous, [ˋprɑspərəs] a.興旺的，繁榮的，昌盛的
predict, [prɪˋdɪkt] vt.vi.預言；預料；預報
preferable, [ˋprɛfərəb!] a.更好的，更合意的[(+to)]
protein, [ˋprotiɪn] n.蛋白質
protest, [prəˋtɛst] vi.抗議，反對 
protest, [ˋprotɛst] n.抗議，反對
pregnancy, [ˋprɛgnənsɪ] n.懷孕
proverb, [ˋprɑvɝb] n.諺語，俗語
pregnant, [ˋprɛgnənt] a.懷孕的，懷胎的
psychological, [͵saɪkəˋlɑdʒɪk!] a.心理學的
preposition, [͵prɛpəˋzɪʃən] n.【文】介系詞，前置詞
psychologist, [saɪˋkɑlədʒɪst] n.心理學家
psychology, [saɪˋkɑlədʒɪ] n.心理學[U]
presentation, [͵prizɛnˋteʃən] n.贈送；顯示；演出
publication, [͵pʌblɪˋkeʃən] n.出版；發行[U]；出版物；刊物[C]
preservation, [͵prɛzɚˋveʃən] n.保護；保存；防腐
publicity, [pʌbˋlɪsətɪ] n.(公眾的)注意，名聲；宣傳
preserve, [prɪˋzɝv] vt.vi.保存，保藏；維護
publish, [ˋpʌblɪʃ] vt.vi.出版；發行
prevention, [prɪˋvɛnʃən] n.預防，防止[U]
publisher, [ˋpʌblɪʃɚ] n.出版(或發行)者
prime, [praɪm] a.最初的；原始的；主要的；首位的
pursuit, [pɚˋsut] n.追蹤，追擊；追求，尋求[U][(+of)]
primitive, [ˋprɪmətɪv] a.原始的；遠古的
quake, [kwek] n.vi.顫抖，哆嗦；震動
privacy, [ˋpraɪvəsɪ] n.私下；私事；私生活；隱私[U]
quilt, [kwɪlt] n.被(子)；被褥
quotation, [kwoˋteʃən] n.引用，引證[U]；引文；語錄[C]
privilege, [ˋprɪv!ɪdʒ] n.特權；優特
procedure, [prəˋsidʒɚ] n.程序；手續；步驟
rage, [redʒ] n.(一陣)狂怒，盛怒 vi.發怒，怒斥
proceed, [prəˋsid] vt.vi.繼續進行；開始，著手
rainfall, [ˋren͵fɔl] n.降雨，下雨
production, [prəˋdʌkʃən] n.生產；製作[U]
realistic, [rɪəˋlɪstɪk] a.現實的，注重實際的；現實主義的
productive, [prəˋdʌktɪv] a.生產的；多產的；肥沃的
rebel, [rɪˋbɛl]vi 造反；反叛
profession, [prəˋfɛʃən] n.(尤指受過專門訓練者，如律師，醫生，教師的)職業[C]
rebel, [ˋrɛb!] n.造反者；反抗者
recall, [rɪˋkɔl] n.vt.vi.回想，回憶
reception, [rɪˋsɛpʃən] n.接收；接待；歡迎；接待會
professional, [prəˋfɛʃən!] n.職業選手；專家，內行 a.從事特定專業的；職業性的
recipe, [ˋrɛsəpɪ] n.食譜
recite, [riˋsaɪt] vt.vi.背誦；朗誦
professor, [prəˋfɛsɚ] n.教授
recognition, [͵rɛkəgˋnɪʃən] n.認出，識別；認可[U]
profitable, [ˋprɑfɪtəb!] a.有利的，贏利的；有益的
recovery, [rɪˋkʌvərɪ] n.重獲；恢復，復甦
prominent, [ˋprɑmənənt] a.突出的；顯著的；卓越的
recreation, [͵rɛkrɪˋeʃən] n.消遣；娛樂
recycle, [riˋsaɪk!] vt.使再循環；再利用
promising, [ˋprɑmɪsɪŋ] a.有希望的，有前途的
reduction, [rɪˋdʌkʃən] n.減少；削減；【數】簡化
promotion, [prəˋmoʃən] n.晉級；發揚；提倡；促銷[U]
refer, [rɪˋfɝ] vt.把…歸因於；將…提交[(+to)] vi.談到；查閱，參考；打聽；涉及[(+to)]
prompt, [prɑmpt] a. 敏捷的，及時的，迅速的
prompt, [prɑmpt] vt.. 促使；激勵；慫恿
reference, [ˋrɛfərəns] n.提及；提交；參考
pronoun, [ˋpronaʊn] n.【文】代名詞
reflect, [rɪˋflɛkt] vt.vi.反射；思考，反省
pronunciation, [prə͵nʌnsɪˋeʃən] n.發音；發音法
reflection, [rɪˋflɛkʃən] n.反射；回響；深思熟慮
prosper, [ˋprɑspɚ] vi.vt.(使)繁榮，(使)昌盛；
reform, [͵rɪˋfɔrm] n.vt.改革，革新
restore, [rɪˋstor] vt.vi.恢復；使復原；修復，整修
refresh, [rɪˋfrɛʃ] vt.vi.(使)清新；消除(…)疲勞
refugee, [͵rɛfjʊˋdʒi] n.難民；流亡者
restriction, [rɪˋstrɪkʃən] n.限制；約束
refusal, [rɪˋfjuz!] n.拒絕[U][C][+to-v]
retain, [rɪˋten] vt.保留，保持
regarding, [rɪˋgɑrdɪŋ] prep.關於；就…而論
retire, [rɪˋtaɪr] vt.vi.(使)退休；(令)退役
register, [ˋrɛdʒɪstɚ] n.vt.vi.登記，註冊
retirement, [rɪˋtaɪrmənt] n.退休；退職
registration, [͵rɛdʒɪˋstreʃən] n.登記，註冊，掛號[U]
retreat, [rɪˋtrit] n.撤退；隱退處；休養所 vi.vt.撤退，退卻
regulate, [ˋrɛgjə͵let] vt.vi.管理；控制；校準；調節
reunion, [riˋjunjən] n.再聯合；(親友等的)團聚，重聚
regulation, [͵rɛgjəˋleʃən] n.規章；規則[C]；管理；調整
revenge, [rɪˋvɛndʒ] vt.替…報仇[(+on/upon)]n.報仇；報復[U][(+for/on)]
rejection, [rɪˋdʒɛkʃən] n.拒絕；退回；【醫】排斥[U]
revise, [rɪˋvaɪz] vt.vi.修訂；校訂
revision, [rɪˋvɪʒən] n.修訂；修訂本，訂正版
relative, [ˋrɛlətɪv] n.親戚，親屬；【文】關係詞 a.與…有關係的，相關的
revolution, [͵rɛvəˋluʃən] n.革命；(天體的)運行，公轉
relative, [ˋrɛlətɪv] a.相對的，比較的；
revolutionary, [͵rɛvəˋluʃən͵ɛrɪ] a.革命的
relaxation, [͵rilæksˋeʃən] n.鬆弛，放鬆[U]
reward, [rɪˋwɔrd] n.vt.報答；報償；獎賞
relieve, [rɪˋliv] vt.vi.緩和，減輕；解除
rhyme, [raɪm] n.韻，韻腳 vi.押韻
reluctant, [rɪˋlʌktənt] a.不情願的；勉強的
rhythm, [ˋrɪðəm] n.節奏；韻律[U]；節拍[C]
remark, [rɪˋmɑrk] vi.n.談到；評論；說；注意；察覺
romance, [roˋmæns] n.愛情小說；浪漫情調
remarkable, [rɪˋmɑrkəb!] a.值得注意的；非凡卓越的
roughly, [ˋrʌflɪ] adv.粗糙地；粗略地；大體上；大約
remedy, [ˋrɛmədɪ] n.治療；治療法；藥物
route, [rut] n.路；路線；航線[C]
repetition, [͵rɛpɪˋtɪʃən] n.重複；反覆
ruin, [ˋrʊɪn] n.毀滅；崩潰；毀壞[U]；廢墟；遺跡[C] vt.vi.毀滅；崩潰
representation, [͵rɛprɪzɛnˋteʃən] n.代表；代表權[U]；表示，表現
reputation, [͵rɛpjəˋteʃən] n.名譽，名聲
rural, [ˋrʊrəl] a.農村的；田園的
rescue, [ˋrɛskju] n.vt.援救；營救
sacrifice, [ˋsækrə͵faɪs] n.(供神的)牲禮，祭品；犧牲 vt.犧牲；獻出
research, [rɪˋsɝtʃ] n.vi.vt.(學術)研究；調查，探究
salary, [ˋsælərɪ] n.薪資，薪水
researcher, [riˋsɝtʃɚ] n.研究員；調查者
salesperson, [ˋselz͵pɚsn] n.店員，售貨員
resemble, [rɪˋzɛmb!] vt.像，類似
reservation, [͵rɛzɚˋveʃən] n.保留(意見)；自然保護區；預訂；預訂的房間(或席座)
saleswoman, [ˋselz͵wʊmən] n.女店員；售貨員
satellite, [ˋsæt!͵aɪt] n.衛星；人造衛星
resign, [rɪˋzaɪn] vt.vi.放棄，辭職
satisfaction, [͵sætɪsˋfækʃən] n.滿意，滿足
resignation, [͵rɛzɪgˋneʃən] n.辭職；放棄；辭呈[C]
scarcely, [ˋskɛrslɪ] adv.幾乎不，幾乎沒有
scenery, [ˋsinərɪ] n.風景，景色 [U]
resistance, [rɪˋzɪstəns] n.抵抗，反抗，抵抗力；電阻
scold, [skold] vt.vi.n.罵，責罵
scratch, [skræ tʃ] n.vt.vi.抓；搔；擦；刮
resolution, [͵rɛzəˋluʃən] n.決心；決定；(會議等的)正式決定；【電腦】解析度
screwdriver, [ˋskru͵draɪvɚ] n.螺絲起子
sculpture, [ˋskʌlptʃɚ] n.雕塑品；雕像[C]；雕刻術[U]
seagull, [ˋsigʌl] n.海鷗(gull)
resolve, [rɪˋzɑlv] vt.vi.決心，決定；解決;解答；議決
senior, [ˋsinjɚ] a.年長的，前輩的；四年級生 n.較年長者；學長；前輩；上司； (大學)
respectable, [rɪˋspɛktəb!] a.值得尊敬的
respectful, [rɪˋspɛktfəl] a.恭敬的；尊敬人的
settler, [ˋsɛtlɚ] n.移居者；殖民者；(糾紛等的)解決者
spicy, [ˋspaɪsɪ] a.加有香料的；香的；辛辣的
spiritual, [ˋspɪrɪtʃʊəl] a.精神(上)的，心靈的
severe, [səˋvɪr] a. 嚴重的；劇烈的；嚴厲的；嚴肅的
splendid, [ˋsplɛndɪd] a.有光彩的；燦爛的；極好的
shameful, [ˋʃemfəl] a.可恥的，丟臉的
split, [splɪt] vt.vi.劈開；切開 n.裂縫，裂痕；(舞蹈，體操中的)劈腿
shaver, [ˋʃevɚ] n.理髮師；刮鬍鬚的用具
shelter, [ˋʃɛltɚ] n.遮蓋物；躲避處；避難所 vt.遮蔽；庇護
sportsman, [ˋsportsmən] n.喜好運動的人；運動員
shift, [ʃɪft] vt.vi.轉移；變(速)，換(檔) n.轉移；輪班；(汽車的)變速裝置
sportsmanship, [ˋsportsmən͵ʃɪp] n.運動員精神
shortsighted, [ˋʃɔrtˋsaɪtɪd] a.近視的；目光短淺的
status, [ˋstetəs] n.地位，身分；情形，狀況
stem, [stɛm] n.莖，(樹)幹，(葉)柄 vi.起源於，由…而造成[(+from)]
shrug, [ʃrʌg] n.vi.vt.(表示疑惑，蔑視，無奈等)聳肩
stingy, [ˋstɪndʒɪ] a.吝嗇的，小氣的
shuttle, [ˋʃʌt!] n.(紡織機的)梭子；接駁車；太空梭；羽毛球
strengthen, [ˋstrɛŋθən] vt.vi.加強；增強；鞏固
sightseeing, [ˋsaɪt͵siɪŋ] n.觀光，遊覽[U]
strive, [straɪv] vi.努力，苦幹，奮鬥
signature, [ˋsɪgnətʃɚ] n.簽名，簽署；(人物)識別標誌
stroke, [strok] n.打，擊，敲；(病)突然發作；中風；(寫字，繪畫的)一筆；筆觸
significance, [sɪgˋnɪfəkəns] n.重要性，重要
stroke, [strok] vt.n.(用手)撫，摸，捋
submarine, [ˋsʌbmə͵rin] n.潛水艇 a.海底的
sincerity, [sɪnˋsɛrətɪ] n.真實；誠心誠意
suggestion, [səˋdʒɛstʃən] n.建議，提議；暗示
singular, [ˋsɪŋgjəlɚ] a.【文】單數的 n.【文】單數(形)
summarize, [ˋsʌmə͵raɪz] vt.vi.總結，概述
surf, [sɝf] vt.vi.衝浪；快速瀏覽
site, [saɪt] n.地點，場所；【電腦】網點
surgeon, [ˋsɝdʒən] n.外科醫生
sketch, [skɛtʃ] n.vt.vi.速寫，素描
surgery, [ˋsɝdʒərɪ] n.外科，(外科)手術[U]；手術室
sledge, [slɛdʒ] n.雪橇 vi.乘雪橇 vt.用雪橇運送(=sled)
surrender, [səˋrɛndɚ] vi.vt.n.投降，自首
sleigh, [sle] n.雪橇 vi.乘雪橇 vt.用雪橇運送(=sled)
surroundings, [səˋraʊndɪŋz] n.環境；周圍的事物
slight, [slaɪt] a.輕微的；微小的；少量的
suspicious, [səˋspɪʃəs] a.猜疑的，可疑的
slogan, [ˋslogən] n.口號，標語
sway, [swe] vt.vi.n.搖動，搖擺
smog, [smɑg] n.煙霧(= smoke and fog)[U]
syllable, [ˋsɪləb!] n.音節[C]
sneeze, [sniz] vi.打噴嚏 n.噴嚏(聲)[C]
sympathetic, [͵sɪmpəˋθɛtɪk] a.同情的；有同情心的
sob, [sɑb] vi.vt.n.嗚咽；啜泣
socket, [ˋsɑkɪt] n.托座，承口；【電】插座；插口
sympathy, [ˋsɪmpəθɪ] n.同情，同情心
symphony, [ˋsɪmfənɪ] n.交響樂，交響曲
software, [ˋsɔft͵wɛr] n.【電腦】軟體 [U]
syrup, [ˋsɪrəp] n.糖漿；果汁
solar, [ˋsolɚ] a.太陽的；日光的
systematic, [͵sɪstəˋmætɪk] a.有系統的；有條理的
sophomore, [ˋsɑfmor] n.(大學，高中的)二年級學生
tap, [tæ p] n.龍頭(酒桶等的)塞子，栓子；竊聽器 vi.裝上塞子(嘴子)；在…裝竊聽器
sorrowful, [ˋsɑrəfəl] a.悲傷的，傷心的
souvenir, [͵suvəˋnɪr] n.紀念品，紀念物
spare, [spɛr] vt.分出，騰出(時間，人手)；節約 a.多餘的；備用的
tap, [tæ p] n.vt.vi.輕拍，輕叩，輕敲
technician, [tɛkˋnɪʃən] n.技術人員，技師
spark, [spɑrk] n.火花，火星 vt.發動；點燃
sparkle, [ˋspɑrk!] n.火花；閃耀，閃光 vi.發火花；閃耀
technological, [tɛknəˋlɑdʒɪk!] a.技術(學)的，工藝(學)的
sparrow, [ˋspæro] n.麻雀
telegram, [ˋtɛlə͵græ m] n.電報
spear, [spɪr] n.矛；魚叉
telegraph, [ˋtɛlə͵græ f] n.電報
species, [ˋspiʃiz] n.種類；【生】物種
telescope, [ˋtɛlə͵skop] n.(單筒)望遠鏡
tendency, [ˋtɛndənsɪ] n.傾向；癖性；趨勢，潮流
university, [͵junəˋvɝsətɪ] n.大學
upload, [ʌpˋlod] vt.vi.【電腦】上傳
tense, [tɛns] a.拉緊的，繃緊的 n.【文】(動詞的)時態，時式
urban, [ˋɝbən] a.城市的
urge, [ɝdʒ] vt.vi.催促；力勸；慫恿 n.強烈的慾望；衝動
tension, [ˋtɛnʃən] n.拉緊，繃緊[U]；(精神上的)緊張[U]
urgent, [ˋɝdʒənt] a.緊急的，急迫的
terrify, [ˋtɛrə͵faɪ] vt.vi.使害怕，使恐怖
usage, [ˋjusɪdʒ] n.使用，用法[U]
terror, [ˋtɛrɚ] n.恐怖，驚駭[U]；引起恐怖的事物(或人)[C]
vain, [ven] a.愛虛榮的，自負的；徒然的，無益的
theme, [θim] n.論題，話題；主題，主題思想
vast, [væ st] a.廣闊的，廣大的，巨大的；巨額的
thorough, [ˋθɝo] a.徹底的；完全的
thoughtful, [ˋθɔtfəl] a.深思的；細心的；體貼的
vegetarian, [͵vɛdʒəˋtɛrɪən] n.素食者；食草動物 a.素食主義者的；吃素的
timid, [ˋtɪmɪd] a.膽小的，易受驚的
tiresome, [ˋtaɪrsəm] a.使人疲勞的；令人厭倦的
verb, [vɝb] n.【文】動詞
very, [ˋvɛrɪ] adv.非常，很 a.正是；恰好是
tolerable, [ˋtɑlərəb!] a. 可忍受的；可容忍的
vessel, [ˋvɛs!] n.船，艦；容器，器皿；血管，脈管
tolerance, [ˋtɑlərəns] n.寬容，寬大[U]；忍耐(力)
vinegar, [ˋvɪnɪgɚ] n.醋[U]
tolerate, [ˋtɑlə͵ret] vt.vi.忍受；容忍
violate, [ˋvaɪə͵let] vt.vi.違犯；違反；侵犯
tolerant, [ˋtɑlərənt] a.忍受的，容忍的
violation, [͵vaɪəˋleʃən] n.違反；違背[U]；違反行為[C]
tomb, [tum] n.墓；墓碑
tough, [tʌf] a. 堅韌的；強壯的；棘手的，費勁的
virgin, [ˋvɝdʒɪn] n.處女、未婚女子 a.處女的，貞潔的
tragedy, [ˋtrædʒədɪ] n.悲劇體裁[U]；(一齣)悲劇[C]
virtue, [ˋvɝtʃu] n.善，德[U]；美德，德行[C][U]
virus, [ˋvaɪrəs] n.病毒；濾過性病毒[C]
tragic, [ˋtrædʒɪk] a.悲劇的；悲慘的，不幸的
visual, [ˋvɪʒuəl] a.視力的；視覺的；光學的
transfer, [trænsˋfɝ] vt.vi.轉換；換車；轉校 n.遷移；移交；調任(者)；轉校(生)
vital, [ˋvaɪt!] a.生命的；維持生命所必需的
volcano, [vɑlˋkeno] n.火山[C]
transform, [trænsˋfɔrm] vt.vi.(使)改變；(使)改觀
voluntary, [ˋvɑlən͵tɛrɪ] a.自願的，志願的
volunteer, [͵vɑlənˋtɪr] n.志願者，義工 vi.vt.自願(做)[(+to-v)]
translate, [trænsˋlet] vt.vi.翻譯，轉譯
translation, [trænsˋleʃən] n.翻譯[U]；譯文；譯本[C]
vowel, [ˋvaʊəl] n.【文】母音
voyage, [ˋvɔɪɪdʒ] n.航海，航行
translator, [trænsˋletɚ] n.翻譯員，翻譯者，翻譯家
walnut, [ˋwɔlnət] n.胡桃；胡桃樹[C]
website, [ˋwɛb͵saɪt] n.【電腦】網站
transportation, [͵trænspɚˋteʃən] n.運輸[U];運輸工具
weekly, [ˋwiklɪ] a.每週的；一週一次的adv.每週；每週一次 n.週刊
tremendous, [trɪˋmɛndəs] a.巨大的，極大的
welfare, [ˋwɛl͵fɛr] n.福利；幸福[U]
tribal, [traɪb!] a.部落的，種族的[C]
wit, [wɪt] n.機智；智慧[U]
triumph, [ˋtraɪəmf] n.(大)勝利；(大)成功[C] vi.獲得勝利(或成功)
witch, [wɪtʃ] n.女巫，巫婆
wizard, [ˋwɪzɚd] n.男巫；術士
troublesome, [ˋtrʌb!səm] a.麻煩的，棘手的
tug-of-war, [tʌg əv wɔr] n.拔河(比賽)
withdraw, [wɪðˋdrɔ] vt.vi.抽回；收回；取回；提領(錢)
twinkle, [ˋtwɪŋk!] n.vi.(星等)閃爍；閃耀
typist, [ˋtaɪpɪst] n.打字員；打字者
witness, [ˋwɪtnɪs] n.目擊者；見證人 vt.目擊
underpass, [ˋʌndɚ͵pæ s] n.地下道；地下人行道
wreck, [rɛk] n.(船等的)失事，遇難[U]；船難事故[C] vt.vi.(使)失事，(使)遇難
unique, [juˋnik] a.唯一的，獨一無二的
wrinkle, [ˋrɪŋk!] n.皺紋 vt.vi.(使)起皺紋
universal, [͵junəˋvɝs!] a.全體的；普遍的；一般的
yearly, [ˋjɪrlɪ] a.每年的，一年一次的 adv.每年，一年一度 n.年刊；年鑑
yogurt, [ˋjogɚt] n.酸奶酪；酵母乳 (yoghourt)
youthful, [ˋjuθfəl] a.年輕的；青年的；富青春活力的