alongside, [ə`lɔŋ`saɪd] adv.prep.並排(地)
alternative, [ɔl`tɝnətɪv] adj.替代的 n.選擇
abbreviate, [ə`brivɪ͵et] vt.vi.縮寫
ambiguity, [͵æmbɪ`gjuətɪ] n.模稜兩可
abbreviation, [ə͵brivɪèʃən] n.縮寫
ambiguous, [æ m`bɪgjʊəs] adj.模稜兩可的
abnormal, [æ b`nɔrm!] adj.異常的
ambulance, [`æ mbjələns] n.救護車
aboriginal, [͵æbə`rɪdʒən!] adj.原生的
ambush, [`æ mbʊʃ] n.vt.vi.埋伏
aborigine, [æ bə`rɪdʒəni] n.原住民
amiable, [èmɪəb!] adj.和藹的
abound, [ə`baʊnd] vi.充滿
amplify, [`æ mplə͵faɪ] vt.vi.增強
absentminded, [`æ bsnt`maɪndɪd] adj.心不在焉的
analects, [͵ænə`lɛkts] n.語錄
analogy, [ə`næ lədʒɪ] n.相似之處
abstraction, [æ b`stræ kʃən] n.抽象
analyst, [`æ n!ɪst] n.分析師
abundance, [ə`bʌndəns] n.充裕
analytical, [ˌænəˈlɪtɪk(ə)l] adj.分析的；有條理的
abuse, [ə`bjus] n.vt.虐待
anecdote, [`æ nɪk͵dot] n.軼事
accelerate, [æ k`sɛlə͵ret] vt.vi.加速
animate, [`æ nə͵met] vt.賦予生命 adj.活的
acceleration, [æk͵sɛlə`reʃən] n.加速
annoyance, [ə`nɔɪəns] n.惱怒
accessible, [æ k`sɛsəb!] adj.易接近的
anonymous, [ə`nɑnəməs] adj.匿名的
accessory, [æ k`sɛsərɪ] n.配件
Antarctic, [æ n`tɑrktɪk] n.adj.南極(的)(大寫)
antarctic, [æ n`tɑrktɪk] n.adj.南極(的)(小寫)
accommodate, [ə`kɑmə͵det] vt.容納
antenna, [æ n`tɛnə] n.天線
accommodation, [ə͵kɑmə`deʃən] n.住宿
antibiotic, [͵æntɪbaɪ`ɑtɪk] n.adj.抗生素
accord, [ə`kɔrd] vt.vi.n.(使…)一致
antibody, [`æ ntɪ͵bɑdɪ] n.抗體
accordance, [ə`kɔrdəns] n.一致
anticipate, [æ n`tɪsə͵pet] vt.預期
accordingly, [ə`kɔrdɪŋlɪ] adv.因此
anticipation, [æn͵tɪsə`peʃən] n.期望
accountable, [ə`kaʊntəb!] adj.負責任的
antonym, [`æ ntə͵nɪm] n.反義字
accounting, [ə`kaʊntɪŋ] n.會計
applicable, [`æ plɪkəb!] adj.適用的
accumulate, [ə`kjumjə͵let] vt.vi.累積
apprentice, [ə`prɛntɪs] n.學徒
accumulation, [ə͵kjumjə`leʃən] n.累積
approximate, [ə`prɑksəmɪt] adj.大約的
accusation, [͵ækjə`zeʃən] n.控訴
aptitude, [`æ ptə͵tjud] n.天賦
acquisition, [͵ækwə`zɪʃən] n.獲得
Arctic, [`ɑrktɪk] n.adj.北極(的)(大寫)
arctic, [`ɑrktɪk] n.adj.北極(的)(小寫)
activist, [`æ ktəvɪst] n.激進份子；活動家
arrogant, [`æ rəgənt] adj.傲慢的
acute, [ə`kjut] adj.急性的 (chronic)
artery, [`ɑrtərɪ] n.動脈；幹線
adaptation, [͵ædæp`teʃən] n.適應
articulate, [ɑr`tɪkjə͵let] adj.口齒清晰的 vt.vi.發音清晰
addict, [əˋdɪkt] vt.使…沉迷
addict, [`æ dɪkt] n.入迷的人；上癮者
artifact, [`ɑrtɪ͵fæ kt] n.人工製品；手工藝品
addiction, [ə`dɪkʃən] n.濫用；上癮
assassinate, [ə`sæ sɪn͵et] vt.暗殺
administer, [əd`mɪnəstɚ] vt.管理
administrate,  [əd`mɪnə͵stret] vt.管理
assert, [ə`sɝt] vt.斷言
assess, [ə`sɛs] vt.評估
administration, [əd͵mɪnə`streʃən] n.管理
assessment, [ə`sɛsmənt] n.評估
administrative, [əd`mɪnə͵stretɪv] adj.管理上的；行政的
assumption, [ə`sʌmpʃən] n.假定
asthma, [`æ zmə] n.氣喘
administrator, [əd`mɪnə͵stretɚ] n.管理者
asylum, [ə`saɪləm] n.政治庇護
advocate, [ˋædvə͵ket] vt.提倡
advocate, [`æ dvəkɪt] n.提倡者
attainment, [ə`ten] vt.vi.到達
attainment, [ə`tenmənt] n.到達
affectionate, [ə`fɛkʃənɪt] adj.充滿感情的
attendant, [ə`tɛndənt] n.接待員
affirm, [ə`fɝm] vt.vi.斷言
attic, [`æ tɪk] n.閣樓
aggression, [ə`grɛʃən] n.侵略
auction, [`ɔkʃən] n.vt.拍賣
alcoholic, [͵ælkə`hɔlɪk] adj.酒精的
authentic, [ɔ`θɛntɪk] adj.真實的
alienate, [èljən͵et] vt.使…疏遠
authorize, [`ɔθə͵raɪz] vt.授權
alliance, [ə`laɪəns] n.同盟
allocate, [`æ lə͵ket] vt.分配
autograph, [`ɔtə͵græ f] n.簽名
signature, [`sɪgnətʃɚ] n.簽名
cater, [`ketɚ] vi.承辦宴席；迎合(需求)
autonomy, [ɔ`tɑnəmɪ] n.自治
cavalry, [`kæ v!rɪ] n.騎兵
aviation, [͵evɪèʃən] n.飛行
cavity, [ˋkævətɪ] n.穴；(牙的)蛀洞
awesome, [`ɔsəm] adj.令人敬畏的
cemetery, [`sɛmə͵tɛrɪ] n.墓地
barometer, [bə`rɑmətɚ] n.氣壓計
certainty, [`sɝtəntɪ] n.確實
beckon, [`bɛkn] vt.vi.n.示意
certify, [`sɝtə͵faɪ] vt.vi.證明
besiege, [bɪ`sidʒ] vt.包圍
champagne, [ʃæ m`pen] n.香檳酒
betray, [bɪ`tre] vt.背叛
chaos, [`keɑs] n.混亂
beverage, [`bɛvərɪdʒ] n.飲料
characterize, [kæ rəktə͵raɪz] vt.具有...的特徵
bias, [`baɪəs] n.vt.(使有)偏見
coal, [kol] n.媒，木炭
binoculars, [bɪ`nɑkjəlɚs] n.雙筒望遠鏡
chariot, [`tʃæ rɪət] n.(古代)雙輪戰車
biochemistry, [`baɪòkɛmɪstrɪ] n.生物化學
charitable, [`tʃæ rətəb!] adj.慈善的
biological, [͵baɪə`lɑdʒɪk!] adj.生物的
cholesterol, [kə`lɛstə͵rol] n.膽固醇
bizarre, [bɪ`zɑr] adj.怪異的
chronic, [`krɑnɪk] adj.(病)慢性的 (acute)
bleak, [blik] adj.荒涼的
chuckle, [`tʃʌk!] vi.咯咯地笑
blunder, [`blʌndɚ] n.vi.vt.犯錯
chunk, [tʃʌŋk] n.大塊；厚片
blunt, [blʌnt] adj.鈍的
civilize, [`sɪvə͵laɪz] v.使文明
bombard, [bɑm`bɑrd] vt.砲轟
clamp, [klæ mp] v.鉗緊
bondage, [`bɑndɪdʒ] n.奴役；束縛
clarity, [`klæ rətɪ] n.明晰
boost, [bust] n.vt.促進；提高
cleanse, [klɛnz] vt.使清潔；淨化
bout, [baʊt] n.回合
clearance, [`klɪrəns] n.清除；空地
boycott, [`bɔɪ͵kɑt] vt.n.抵制
clench, [klɛntʃ] vt.捏緊
breakdown, [`brek͵daʊn] n.故障
clinical, [`klɪnɪk!] adj.臨床的
breakthrough, [`brek͵θru] n.突破
clone, [klon] n.複製品/人
breakup, [`brek`ʌp] n.瓦解；分手
closure, [`kloʒɚ] n.關閉；終止
brew, [bru] vt.vi.n.釀造；沖泡
coffin, [`kɔfɪn] n.棺材
brink, [brɪŋk] n.邊緣
coherent, [kòhɪrənt] adj.連貫的
brisk, [brɪsk] adj.活潑的
coincide, [͵koɪn`saɪd] vi.同時發生
brochure, [bròʃʊr] n.小冊子
coincidence, [kòɪnsɪdəns] n.巧合
brute, [brut] n.獸；畜生 adj.畜生的；蠻橫的
collective, [kə`lɛktɪv] adj.集體的
buckle, [`bʌk!] n.扣環 vt.vi.扣住
collector, [kə`lɛktɚ] n.收集者
bulky, [`bʌlkɪ] adj.笨重的
collide, [kə`laɪd] vi.碰撞；衝突
bureaucracy, [bjʊ`rɑkrəsɪ] n.官僚
collision, [kə`lɪʒən] n.碰撞；衝突
burial, [`bɛrɪəl] n.adj.葬禮(的)
colloquial, [kə`lokwɪəl] adj.口語的
byte, [baɪt] n.位元組
columnist, [`kɑləmɪst] n.專欄作家
caffeine, [`kæ fiɪn] n.咖啡因
commemorate, [kə`mɛmə͵ret] vt.紀念
calcium, [`kæ lsɪəm] n.鈣
commence, [kə`mɛns] vt.開始
canvas, [`kæ nvəs] n.帆布
commentary, [`kɑmən͵tɛrɪ] n.評論
capability, [͵kepə`bɪlətɪ] n.能力
commitment, [kə`mɪtmənt] n.承諾
capsule, [`kæ ps!] n.膠囊
communicative, [kə`mjunə͵ketɪv] adj.暢談的
caption, [`kæ pʃən] n.標題；字幕
companionship, [kəm`pæ njən͵ʃɪp] n.伴侶關係
captive, [`kæ ptɪv] n.俘虜
comparable, [`kɑmpərəb!] adj.可比較的；比得上的
captivity, [kæ p`tɪvətɪ] n.囚禁
carbohydrate, [͵kɑrbə`haɪdret] n.碳水化合物
comparative, [kəm`pæ rətɪv] adj.比較的
caress, [kə`rɛs] n.vt.愛撫
compatible, [kəm`pæ təb!] adj.相容的
carol, [`kæ rəl] n.(耶誕)頌歌
compensate, [`kɑmpən͵set] vt.補償
cashier, [kæ `ʃɪr] n.出納；出納員
compensation, [͵kɑmpən`seʃən] n.補償(金)
casualty, [`kæ ʒjʊəltɪ] n.傷亡人員
competence, [`kɑmpətəns] n.勝任
catastrophe, [kə`tæ strəfɪ] n.大災難
competent, [`kɑmpətənt] adj.能幹的
compile, [kəm`paɪl] vt.編輯
cosmetics, [kɑz`mɛtɪks] n.化妝品
complement, [`kɑmpləmənt] n.補充物
cosmopolitan, [͵kɑzmə`pɑlətn] adj.世界性的
complexion, [kəm`plɛkʃən] n.面色
counterpart, [`kaʊntɚ͵pɑrt] n.對應的人(或物)
complexity, [kəm`plɛksətɪ] n.複雜(性)
coverage, [`kʌvərɪdʒ] n.覆蓋範圍
complication, [͵kɑmplə`keʃən] n.複雜(化)；併發症[C]
covet, [`kʌvɪt] vt.垂涎；貪圖
cramp, [kræ mp] n.夾鉗；束縛；抽筋 vt.限制
component, [kəm`ponənt] n.零件；成分
credibility, [͵krɛdə`bɪlətɪ] n.可信度
comprehensive, [͵kɑmprɪ`hɛnsɪv] adj.無所不包的；有理解力的
credible, [`krɛdəb!] adj.可信的
criterion, [kraɪ`tɪrɪən] n.標準；準則
comprise, [kəm`praɪz] vt.包括
crook, [krʊk] vt.vi.n.彎曲；成鉤形
concede, [kən`sid] vt.(勉強)承認
crooked, [`krʊkɪd] adj.歪的；彎曲的；詐欺的
conceit, [kən`sit] n.自滿
crucial, [`kruʃəl] adj.決定性的
conception, [kən`sɛpʃən] n.觀念；創始
crude, [krud] adj.天然的；生的
concession, [kən`sɛʃən] n.讓步；租界
cruise, [kruz] vt.vi.n.巡航；航遊
concise, [kən`saɪs] adj.簡明的
cruiser, [`kruzɚ] n.遊艇
condense, [kən`dɛns] vt.壓縮；濃縮
crumb, [krʌm] n.麵包屑
confer, [kən`fɝ] vt.授予(學位等)
confidential, [͵kɑnfə`dɛnʃəl] adj.機密的
crumble, [`krʌmb!] vt.vi.粉碎；崩潰
crust, [krʌst] n.派餅皮；地殼
conform, [kən`fɔrm] vi.遵守；符合
confrontation, [͵kɑnfrʌn`teʃən] n.對抗
cultivate, [`kʌltə͵vet] vt.培育
cumulative, [`kjʊmjʊ͵letɪv] adj.累計的
congressman, [`kɑŋgrəsmən] n.美國國會議員
customary, [`kʌstəm͵ɛrɪ] adj.合乎習俗的；按慣例的
conquest, [`kɑŋkwɛst] n.征服
daffodil, [`dæ fədɪl] n.黃水仙
conscientious, [͵kɑnʃɪ`ɛnʃəs] adj.憑良心的
dandruff, [`dæ ndrəf] n.頭皮屑
consensus, [kən`sɛnsəs] n.一致；合意
daybreak, [`de͵brek] n.黎明
conservation, [͵kɑnsɚ`veʃən] n.保育
deadly, [`dɛdlɪ] adj.致命的
consolation, [͵kɑnsə`leʃən] n.安慰
decent, [`disnt] adj.正派的；體面的
conspiracy, [kən`spɪrəsɪ] n.陰謀
decisive, [dɪ`saɪsɪv] adj.決定性的；果決的
constituent, [kən`stɪtʃʊənt] adj.組成的 n.選民，選舉人
decline, [dɪ`klaɪn] vi.n.下降；婉拒 vt.婉拒
dedicate, [`dɛdə͵ket] vt.奉獻
consultation, [͵kɑnsəl`teʃən] n.諮詢
dedication, [͵dɛdə`keʃən] n.奉獻；致力
consumption, [kən`sʌmpʃən] n.消耗
deem, [dim] v.認為
contemplation, [͵kɑntɛm`pleʃən] n.沈思
defect, [`dɪfɛkt] n.缺點；缺陷
contestant, [kən`tɛstənt] n.競爭者；角逐者
deficiency, [dɪ`fɪʃənsɪ] n.不足
contractor, [`kɑntræ ktɚ] n.承包商
degrade, [dɪ`gred] vt.使降級
contradict, [͵kɑntrə`dɪkt] vt.與...矛盾
deliberate, [dɪ`lɪbərɪt] adj.深思熟慮的；蓄意的 vt.vi.仔細思考
contradiction, [͵kɑntrə`dɪkʃən] n.矛盾
controversial, [͵kɑntrə`vɝʃəl] adj.可疑的
delinquent, [dɪ`lɪŋkwənt] adj.有過失的
controversy, [`kɑntrə͵vɝsɪ] n.爭議
denounce, [dɪ`naʊns] vt.譴責
conviction, [kən`vɪkʃən] n.定罪；信念
density, [`dɛnsətɪ] n.密集(度)
coordinate, [kòɔrdnɪt] vt.協調
dental, [`dɛnt!] adj.牙齒的
cordial, [`kɔrdʒəl] adj.熱忱的
depict, [dɪ`pɪkt] vt.描畫
core, [kor] n.果核；核心
deprive, [dɪ`praɪv] vt.剝奪
corporate, [`kɔrpərɪt] adj.公司的；團體的
deputy, [`dɛpjətɪ] n.adj.副手(的)；代理人(的)
corps, [kɔr] n.兵團；軍；隊
derive, [dɪ`raɪv] vt.取得 vi.衍生
corpse, [kɔrps] n.屍體
descend, [dɪ`sɛnd] vi.vt.下來；走下
correspondent, [͵kɔrɪ`spɑndənt] n.通信者 adj.一致的；符合的
descendant, [dɪ`sɛndənt] n.後裔
descent, [dɪ`sɛnt] n.下降；世系
corruption, [kə`rʌpʃən] n.腐化；貪污
designate, [`dɛzɪg͵net] vt.指定
cosmetic, [kɑz`mɛtɪk] adj.化妝用的
destined, [`dɛstɪnd] adj.命中注定的
dissuade, [dɪ`swed] vt.勸阻
detach, [dɪ`tæ tʃ] vt.分開；分離
distort, [dɪs`tɔrt] vt.扭曲；曲解
detain, [dɪ`ten] vt.拘留；扣留
distract, [dɪ`stræ kt] vt.使分心；困擾
deter, [dɪ`tɝ] vt.威懾住；嚇住；制止
distraction, [dɪ`stræ kʃən] n.分心
detergent, [dɪ`tɝdʒənt] n.洗潔劑
distrust, [dɪs`trʌst] vt.n.不信任；懷疑
deteriorate, [dɪ`tɪrɪə͵ret] vi.vt.(使)惡化
disturbance, [dɪs`tɝbəns] n.擾亂；打擾
devalue, [ˌdɪˈvæ lju] vt.降低...的價值
diverse, [daɪ`vɝs] adj.不同的；多元的
diabetes, [͵daɪə`bitiz] n.糖尿病
diversify, [daɪ`vɝsə͵faɪ] vt.vi.使多樣化
diagnose, [`daɪəgnoz] vt.診斷
diversion, [daɪ`vɝʒən] n.轉移；分散注意力；娛樂
diagnosis, [͵daɪəg`nosɪs] n.診斷(結果)
diagram, [`daɪə͵græ m] n.圖表；圖解
diversity, [daɪ`vɝsətɪ] n.差異；多樣性
diameter, [daɪ`æ mətɚ] n.直徑
divert, [daɪ`vɝt] vt.vi.轉移；使分心
dictate, [`dɪktet] vt.vi.口授；命令
doctrine, [`dɑktrɪn] n.教義；信條
dictation, [dɪk`teʃən] n.聽寫；命令
documentary, [͵dɑkjə`mɛntərɪ] adj.n.文件的；記錄影片
dictator, [`dɪk͵tetɚ] n.獨裁者
differentiate, [͵dɪfə`rɛnʃɪ͵et] vt.vi.區別
dome, [dom] n.圓屋頂
dilemma, [də`lɛmə] n.進退兩難
donate, [`donet] vt.捐贈
dimension, [dɪ`mɛnʃən] n.尺寸；面積；面向
donation, [dòneʃən] n.捐贈(物)
diminish, [də`mɪnɪʃ] vt.vi.減少；失勢
donor, [`donɚ] n.捐贈者
diplomacy, [dɪ`ploməsɪ] n.外交(手腕)
doom, [dum] n.厄運；毀滅
diplomatic, [͵dɪplə`mæ tɪk] adj.外交的
dosage, [`dosɪdʒ] n.(藥)劑量；服法
directory, [də`rɛktərɪ] n.電話號碼簿；使用手冊
drastic, [`dræ stɪk] adj.猛烈的
disability, [dɪsə`bɪlətɪ] n.無能；殘障
drawback, [`drɔ͵bæ k] n.缺點；短處
disable, [dɪsèb!] vt.使失去能力
dreary, [`drɪərɪ] adj.陰鬱的
disapprove, [͵dɪsə`pruv] vt.vi.不贊同
drizzle, [`drɪz!] vi.n.(下)毛毛雨
disastrous, [dɪz`æ strəs] adj.災難的
drought, [draʊt] n.乾旱
discharge, [dɪs`tʃɑrdʒ] vt.vi..n排出(液體、 氣體等)；釋放；解雇
dual, [`djuəl] adj.雙的
dubious, [`djubɪəs] adj.(對事物)半信半疑的；曖昧的；含糊的
disciplinary, [`dɪsəplɪn͵ɛrɪ] adj.紀律的
disclose, [dɪs`kloz] vt.揭發；透露
dynamite, [`daɪnə͵maɪt] n.炸藥
disclosure, [dɪs`kloʒɚ] n.揭發；透露
ebb, [ɛb] n.vi.退潮；衰落
discomfort, [dɪs`kʌmfɚt] n.不舒適
eccentric, [ɪk`sɛntrɪk] adj.古怪的
discreet, [dɪ`skrit] adj.謹慎的
ecology, [ɪ`kɑlədʒɪ] n.生態學
discrimination, [dɪ͵skrɪmə`neʃən] n.辨別
ecstasy, [`ɛkstəsɪ] n.狂喜；迷幻藥
disgrace, [dɪs`gres] n.vt.(使…)丟臉
edible, [`ɛdəb!] adj.可食的
disgraceful, [dɪs`gresfəl] adj.不名譽的
editorial, [͵ɛdə`tɔrɪəl] adj.n.編輯(上)的；(報刊的)社論
dismantle, [dɪs`mæ nt!] vt.拆卸
dismay, [dɪs`me] n.驚慌；沮喪
electron, [ɪ`lɛktrɑn] n.電子
dispatch, [dɪ`spæ tʃ] vt.n.派遣；發送
eligible, [`ɛlɪdʒəb!] adj.有資格當選的；法律上合格的
dispensable, [dɪ`spɛnsəb!] adj.非必要的
disperse, [dɪ`spɝs] vt.vi.驅散
elite, [ ɪ`lit] n.精英
displace, [dɪs`ples] vt.(從原地)移開
eloquence, [`ɛləkwəns] n.雄辯；口才
displease, [dɪs`pliz] vt.vi.使人不高興
eloquent, [`ɛləkwənt] adj.雄辯的
disposable, [dɪ`spozəb!] adj.可任意處理的；用完即丟棄的
embark, [ɪm`bɑrk] vi.上船(或飛機等)；著手
emigrant, [`ɛməgrənt] adj.n.移民(的)
disposal, [dɪ`spoz!] n.處理
emigrate, [`ɛmə͵gret] vi.移居外國(或外地)
disregard, [͵dɪsrɪ`gɑrd] vt.n.不顧；漠視
emigration, [͵ɛmə`greʃən] n.移居
dissident, [`dɪsədənt] adj.n.意見不同的(人)
emphatic, [ɪm`fæ tɪk] adj.強調的
dissolve, [dɪ`zɑlv] vt.vi.分解；解散
enact, [ɪn`æ kt] vt.制定(法律)；扮演(角色)
enactment, [ɪn`æ ktmənt] n.制定(法律)；扮演(角色)
faction, [`fæ kʃən] n.派系；小集團
enclosure, [ɪn`kloʒɚ] n.圍住；圈地
faculty, [`fæ k!tɪ] n.全體教職員
encyclopedia, [ɪn͵saɪklə`pidɪə] n.百科全書
familiarity, [fə͵mɪlɪ`æ rətɪ] n.熟悉；親近
endurance, [ɪn`djʊrəns] n.耐久力
famine, [`fæ mɪn] n.饑荒
enhance, [ɪn`hæ ns] vt.增加(價值、吸引力等)
fascination, [͵fæsnèʃən] n.魅力；迷戀
enhancement, [ɪn`hæ nsmənt] n.增加(價值、吸引力等)
feasible, [`fizəb!] adj.可實行的
enlighten, [ɪn`laɪtn] vt.啟發；教導
federation, [͵fɛdə`reʃən] n.聯邦政府
enlightenment, [ɪn`laɪtnmənt] n.啟發；教導
feedback, [`fid͵bæk] n.反饋；回饋
enrich, [ɪn`rɪtʃ] vt.使豐富
fertility, [fɝ`tɪlətɪ] n.肥沃；繁殖力
enrichment, [ɪn`rɪtʃmənt] n.豐富
fidelity, [fɪ`dɛlətɪ] n.忠貞
epidemic, [͵ɛpɪ`dɛmɪk] adj.n.傳染病(的)
finite, [`faɪnaɪt] adj.有限的
episode, [`ɛpə͵sod] n.(整個事情中的)一個事件；插曲；一集
fireproof, [`faɪr`pruf] adj.防火的
flare, [flɛr] vi.vt.(火焰)閃耀
emotional quotient, [ɪ`moʃən!] [`kwoʃənt] phr.情感商數
fleet, [flit] n.艦隊
flicker, [`flɪkɚ] vi.閃爍；搖曳
emotional intelligence, [ɪ`moʃən!] [ɪn`tɛlədʒəns] (phr.) 情緒智商
fling, [flɪŋ] vt.vi.n.(用力地)扔；擲
fluid, [`fluɪd] adj.n.流體的；液體
equation, [ɪ`kweʃən] n.方程式；平衡
flutter, [`flʌtɚ] vi.(鳥)振翼；飄揚
equivalent, [ɪ`kwɪvələnt] adj.n.相等的；相等物 foresee [for`si] vt.預見；預知
erode, [ɪ`rod] vt.侵蝕；磨損
formidable, [`fɔrmɪdəb!] adj.可怕的；難克服的
eruption, [ɪ`rʌpʃən] n.爆發
formulate, [`fɔrmjə͵let] vt.使公式化
escalate, [`ɛskə͵let] vt.使逐步上升
forsake, [fɚ`sek] vt.遺棄；背棄
essence, [`ɛsns] n.本質；精華
forthcoming, [͵forθ`kʌmɪŋ] adj.即將到來的；隨時可得的
eternity, [ɪ`tɝnətɪ] n.永恆；不朽
ethical, [`ɛθɪk!] adj.倫理的
fortify, [`fɔrtə͵faɪ] vt.加強；支持
ethnic, [`ɛθnɪk] adj.種族(上)的
foster, [`fɔstɚ] vt.adj.養育；收養的
evacuate, [ɪ`væ kjʊ͵et] vt.撤離；疏散
fracture, [`fræ ktʃɚ] (n.) 斷裂；骨折
evolution, [͵ɛvə`luʃən] n.進化
fragile, [`fræ dʒəl] adj.易碎的；脆弱的
evolve, [ɪ`vɑlv] vt.進化；形成
fragment, [`fræ gmənt] n.vt.vi.(成)碎片
excerpt, [ɪk`sɝpt] n.摘錄
frail, [frel] adj.虛弱的
excessive, [ɪk`sɛsɪv] adj.過度的
fraud, [frɔd] n.詐騙(行為)；騙子
exclusive, [ɪk`sklusɪv] adj.獨佔的；排他的
freak, [frik] n.怪誕的行動；畸形的人
execution, [͵ɛksɪ`kjuʃən] n.執行；死刑
fret, [frɛt] vt.vi.使苦惱；煩躁
exert, [ɪg`zɝt] vt.盡(力)；運用
friction, [`frɪkʃən] n.摩擦(力)
exotic, [ɛg`zɑtɪk] adj.異國情調的
galaxy, [`gæ ləksɪ] n.銀河
expedition, [͵ɛkspɪ`dɪʃən] n.遠征；探險
generalize, [`dʒɛnərəl͵aɪz] vi.vt.泛論；歸納
expel, [ɪk`spɛl] vt.驅逐；開除
generate, [`dʒɛnə͵ret] vt.產生；引起
expertise, [͵ɛkspɚ`tiz] n.專門技術
generator, [`dʒɛnə͵retɚ] n.發電機
expiration, [͵ɛkspə`reʃən] n.終結；期滿
genetic, [dʒə`nɛtɪk] adj.起源的；基因的
expire, [ɪk`spaɪr] vi.滿期；屆
genetics, [dʒə`nɛtɪks] n.遺傳學(單)
explicit, [ɪk`splɪsɪt] adj.詳盡的
glamour, [`glæ mɚ] n.魅力；妖豔
exploit, [ɪk`splɔɪt] n.功績；功勳
glassware, [`glæs͵wɛr] n.玻璃器皿
exploration, [͵ɛksplə`reʃən] n.探索
glisten, [`glɪsn] vi.n.閃耀；閃光
exquisite, [`ɛkskwɪzɪt] adj.精緻的
gloomy, [`glumɪ] adj.陰鬱的
extract, [ɪk`stræ kt] vt.抽出；提煉
genetically modified organism, [dʒə`nɛtɪk!ɪ][`mɑdə͵faɪd][`ɔrgən͵ɪzəm] n.基因改造生物
extracurricular, [͵ɛkstrəkə`rɪkjəlɚ] adj.課外的 
eyesight, [àɪ͵saɪt] n.視力；視野
fabulous, [`fæ bjələs] adj.驚人的；極好的
graph, [græ f] n.圖表；圖解
facilitate, [fə`sɪlə͵tet] vt.促進；幫助
graphic, [`græ fɪk] adj.寫實的；圖解的
grill, [grɪl] n.烤架 vt.vi.烤
inevitable, [ɪn`ɛvətəb!] adj.不可避免的
grocer, [`grosɚ] n.食品雜貨商
infectious, [ɪn`fɛkʃəs] adj.傳染性的
grope, [grop] vi.vt.摸索
infer, [ɪn`fɝ] vt.vi.推論；意味著…
guerrilla, [gəˈrɪlə] n.游擊戰(隊員)
inference, [`ɪnfərəns] n.推論
habitat, [`hæ bə͵tæ t] n.棲息地
ingenious, [ɪn`dʒinjəs] adj.巧妙的；心靈手巧的；足智多謀的
hack, [hæ k] vt.vi.n.劈；砍
hacker, [hæ kɚ] n.駭客
ingenuity, [͵ɪndʒə`nuətɪ] n.足智多謀；巧妙；精巧的裝置
hail, [hel] n.冰雹
harass, [`hæ rəs] vt.使…煩惱；騷擾
inhabit, [ɪn`hæ bɪt] vt.棲息於…
harassment, [`hæ rəsmənt] n.煩惱；騷擾
inhabitant, [ɪn`hæ bətənt] n.居民；居住者
hazard, [`hæ zɚd] n.危害(物)
inherent, [ɪn`hɪrənt] adj.固有的；與生俱來的
hemisphere, [`hɛməs͵fɪr] n.(地球的)半球；半球體
initiative, [ɪ`nɪʃətɪv] adj.創始的 n.倡議；進取心
inject, [ɪn`dʒɛkt] vt.注射(藥液等)
hereafter, [͵hɪr`æ ftɚ] adv.此後；來世
injection, [ɪn`dʒɛkʃən] n.注射
heritage, [`hɛrətɪdʒ] n.遺產
injustice, [ɪn`dʒʌstɪs] n.不正義
heroin, [`hɛro͵ɪn] n.海洛因
innovation, [͵ɪnə`veʃən] n.改革；創新
highlight, [`haɪ͵laɪt] vt.照亮 n.最突出(或最精彩)的部分
innovative, [`ɪno͵vetɪv] adj.創新的
inquiry, [ɪn`kwaɪrɪ] n.詢問；調查；探索
honorary, [`ɑnə͵rɛrɪ] adj.名譽上的
insight, [`ɪn͵saɪt] n.洞察力
hormone, [`hɔrmon] n.荷爾蒙
insistence, [ɪn`sɪstəns] n.堅持
hospitable, [`hɑspɪtəb!] adj.好客的
installation, [͵ɪnstə`leʃən] n.就任；安裝裝置
hospitality, [͵hɑspɪ`tæ lətɪ] n.好客；殷勤
installment, [ɪn`stɔlmənt] n.分期付款
hospitalize, [`hɑspɪt!͵aɪz] vt.使…住院治療
institution, [͵ɪnstə`tjuʃən] n.制度；公共團體；機構；建立
hostility, [hɑs`tɪlətɪ] n.敵意；敵視
humanitarian, [hju͵mænə`tɛrɪən] adj.n.人道主義的；人道主義者
intact, [ɪn`tæ kt] adj.完整無缺的
integrate, [`ɪntə͵gret] vt.vi.使結合；使完整
humiliate, [hjùmɪlɪ͵et] vt.羞辱；使丟臉
integration, [͵ɪntə`greʃən] n.整合
hunch, [hʌntʃ] n.預感；肉峰；隆起 vt.vi. 隆起
integrity, [ɪn`tɛgrətɪ] n.正直；完善
hurdle, [`hɝd!] n.vt.跳欄；跨(欄)
intellect, [`ɪnt!͵ɛkt] n.智力
hygiene, [`haɪdʒin] n.衛生(學)
intersection, [͵ɪntɚ`sɛkʃən] n.十字路口
hypocrisy, [hɪ`pɑkrəsɪ] n.偽善；虛偽
interval, [`ɪntɚv!] n.間隔；距離
hypocrite, [`hɪpəkrɪt] n.偽君子
intervene, [͵ɪntɚ`vin] vi.干涉；打擾
hysterical, [hɪs`tɛrɪk!] adj.歇斯底里的
intervention, [͵ɪntɚ`vɛnʃən] n.干涉
illuminate, [ɪ`lumə͵net] vt.vi.照亮
intimacy, [`ɪntəməsɪ] n.親密；私下
illusion, [ɪ`ljuʒən] n.幻覺；假象
intimidate, [ɪn`tɪmə͵det] vt.威嚇；脅迫
immune, [ɪ`mjun] adj.免疫的
intrude, [ɪn`trud] vi.vt.侵入
imperative, [ɪm`pɛrətɪv] adj.必要的；命令式的
intruder, [ɪn`trudɚ] n.侵入者
implement, [`ɪmpləmənt] n.器具 vt.實施
invaluable, [ɪn`væ ljəb!] adj.無價的
implication, [͵ɪmplɪ`keʃən] n.暗示；牽連
inventory, [`ɪnvən͵torɪ] n.存貨清單；庫存
implicit, [ɪm`plɪsɪt] adj.含蓄的
investigator, [ɪn`vɛstə͵getɚ] n.調查者
imposing, [ɪm`pozɪŋ] adj.壯觀的；
intelligence quotient, [ɪn`tɛlədʒəns] [`kwoʃənt] n.智力商數
imprison, [ɪm`prɪzn] vt.監禁
imprisonment, [ɪm`prɪznmənt] n.監禁
ironic, [aɪ`rɑnɪk] adj.冷嘲的
incentive, [ɪn`sɛntɪv] n.動機
irony, [àɪrənɪ] n.諷刺
incidental, [͵ɪnsə`dɛnt!] adj.附帶的；偶然發生的
irritable, [`ɪrətəb!] adj.易怒的
irritate, [`ɪrə͵tet] vt.vi.使惱怒
incline, [ɪn`klaɪn] vi.vt.傾斜；心裡傾向
irritation, [͵ɪrə`teʃən] n.惱怒
inclusive, [ɪn`klusɪv] adj.包含的
joyous, [`dʒɔɪəs] adj.快樂的
indignation, [͵ɪndɪg`neʃən] n.憤慨
legitimate, [lɪ`dʒɪtəmɪt] adj.合法的；正統的
lengthy, [`lɛŋθɪ] adj.長的
missionary, [`mɪʃən͵ɛrɪ] adj.傳教的 n.傳教士
liable, [`laɪəb!] adj.易...的；有義務的
mobilize, [`mob!͵aɪz] vt.vi.動員
liberate, [`lɪbə͵ret] vt.解放；使獲自由
modernization, [͵mɑdɚnə`zeʃən] n.現代化
liberation, [͵lɪbə`reʃən] n.解放
mold, [mold] n.模型
likewise, [`laɪk͵waɪz] adv.同樣地
momentum, [mòmɛntəm] n.動力
limousine, [`lɪmə͵zin] n.大型豪華轎車(limo)
monopoly, [mə`nɑp!ɪ] n.獨佔；壟斷
liner, [`laɪnɚ] n.班機
monotonous, [mə`nɑtənəs] adj.單調的
linguist, [`lɪŋgwɪst] n.語言學者
monotony, [mə`nɑtənɪ] n.單調
morale, [mə`ræ l] n.道德；士氣
liter, [`litɚ] n.公升
morality, [mə`ræ lətɪ] n.道德
literacy, [`lɪtərəsɪ] n.識字
motto, [`mɑto] n.座右銘
literal, [`lɪtərəl] adj.照字面的
mournful, [`mornfəl] adj.憂傷的
literate, [`lɪtərɪt] adj.能讀寫的；識字的
mouthpiece, [`maʊθ͵pis] n.(樂器的)吹口
longevity, [lɑn`dʒɛvətɪ] n.長壽
spokesperson, [`spoks͵pɝsn] n.代言人(spokesman/spokeswoman)
lounge, [laʊndʒ] n.休息室；會客廳；候機室
lunatic, [`lunə͵tɪk] adj.瘋的
municipal, [mjùnɪsəp!] adj.市政的；地方自治的
lure, [lʊr] vt.n.引誘
lush, [lʌʃ] adj.蒼翠繁茂的
mute, [mjut] adj.沈默的；啞的；無聲的
lyric, [`lɪrɪk] n.抒情的 n.抒情詩；歌詞
mythology, [mɪ`θɑlədʒɪ] n.神話
magnitude, [`mæ gnə͵tjud] n.重要；強度；(地震)震級
narrate, [næ `ret] vt.vi.敘述；作旁白
narrative, [`næ rətɪv] n.記敘文 adj.敘述的
malaria, [mə`lɛrɪə] n.瘧疾
narrator, [næ `retɚ] n.敘述者；旁白
manipulate, [mə`nɪpjə͵let] vt.操作；操弄
nationalism, [`næ ʃən!ɪzəm] n.民族主義
manuscript, [`mæ njə͵skrɪpt] n.手稿 adj.手寫的；原稿的
naturalist, [`næ tʃərəlɪst] n.博物學家；自然主義者
naval, [`nev!] adj.海軍的
mar, [mɑr] n.污點
navel, [`nev!] n.肚臍
massacre, [`mæ səkɚ] n.大屠殺
navigation, [͵nævə`geʃən] n.航海；導航
mastery, [`mæ stərɪ] n.支配；熟練
negotiation, [nɪ͵goʃɪèʃən] n.談判
materialism, [mə`tɪrɪəl͵ɪzəm] n.物質主義
neon, [`ni͵ɑn] n.霓虹燈
mattress, [`mæ trɪs] n.床墊
neutral, [`njutrəl] adj.中立的；不確定的
mechanism, [`mɛkə͵nɪzəm] n.機械裝置
newlywed, [`njulɪ͵wɛd] n.新婚夫婦
medication, [͵mɛdɪ`keʃən] n.藥物
newscaster, [`njuz͵kæstɚ] n.新聞廣播員(anchorman/anchorwoman)
medieval, [͵mɪdɪìvəl] adj.中世紀的；老式的 
meditate, [`mɛdə͵tet] vi.vt.計劃；沈思
nomination, [͵nɑmə`neʃən] n.提名；任命
meditation, [͵mɛdə`teʃən] n.沈思；冥想
nominee, [͵nɑmə`ni] n.被提名人
melancholy, [`mɛlən͵kɑlɪ] n.adj.憂鬱(的)
norm, [nɔrm] n.基準；常模
mellow, [`mɛlo] adj.成熟的；圓潤的
notorious, [nòtorɪəs] adj.惡名昭彰的
mentality, [mɛn`tæ lətɪ] n.智力
nourish, [`nɝɪʃ] vt.養育；滋養
merchandise, [`mɝtʃən͵daɪz] n.商品
nourishment, [`nɝɪʃmənt] n.養育；滋養
merge, [mɝdʒ] vt.vi.合併
nuisance, [`njusns] n.討厭的人(或事物)
metaphor, [`mɛtəfɚ] n.隱喻
nurture, [`nɝtʃɚ] n.vt.教養；培育
metropolitan, [͵mɛtrə`pɑlətn] n.大都市的
nutrient, [`njutrɪənt] adj.營養的 n.營養物
migrate, [`maɪ͵gret] vi.遷移
nutrition, [njùtrɪʃən] n.營養(學)
migration, [maɪ`greʃən] n.遷移
nutritious, [njùtrɪʃəs] adj.有營養的
militant, [`mɪlətənt] adj.好戰的 n.好戰者
obligation, [͵ɑblə`geʃən] n.義務；責任
miller, [`mɪlɚ] n.磨坊主
oblige, [ə`blaɪdʒ] vt.迫使；使…感激
mimic, [`mɪmɪk] vt.模仿 n.善模仿的人；小丑 
obscure, [əb`skjʊr] adj.暗的；模糊的 vt.遮掩；混淆
miniature, [`mɪnɪətʃɚ] adj.小型的
minimize, [`mɪnə͵maɪz] vt.使縮到最小
offering, [`ɔfərɪŋ] n.供奉；祭品
miraculous, [mɪ`ræ kjələs] adj.奇蹟般的
offspring, [`ɔf͵sprɪŋ] n.子女；後代
mischievous, [`mɪstʃɪvəs] adj.惡作劇的
operational, [͵ɑpə`reʃən!] adj.操作上的
pharmacist, [`fɑrməsɪst] n.藥劑師
opposition, [͵ɑpə`zɪʃən] n.反對；對抗
pharmacy, [`fɑrməsɪ] n.藥房
oppress, [ə`prɛs] vt.壓迫
phase, [fez] n.階段 vt.vi.分階段進行
oppression, [ə`prɛʃən] n.壓迫
photographic, [͵fotə`græ fɪk] adj.攝影的；逼真的
option, [`ɑpʃən] n.選擇(權)
picturesque, [͵pɪktʃə`rɛsk] adj.圖畫般的
optional, [`ɑpʃən!] adj.非必要的；可選擇的
pierce, [pɪrs] vt.vi.刺穿
ordeal, [ɔr`diəl] n.苦難；嚴峻考驗
piety, [`paɪətɪ] n.虔誠；孝順
orderly, [`ɔrdɚlɪ] adj.整齊的；有秩序的 adv.按順序地
pious, [`paɪəs] adj.虔誠的
pipeline, [`paɪp͵laɪn] n.導管；輸油管
organism, [`ɔrgən͵ɪzəm] n.生物；有機體
pitcher, [`pɪtʃɚ] n.投手；水壺
originality, [ə͵rɪdʒə`næ lətɪ] n.創意；新穎
plight, [plaɪt] n.誓約；困境
originate, [ə`rɪdʒə͵net] vi.發源 vt.引起
pneumonia, [njùmonjə] n.肺炎
outbreak, [àʊt͵brek] n.爆發
poach, [potʃ] vt.盜獵；水煮
outfit, [àʊt͵fɪt] n.全套服裝/裝備
poacher, [`potʃɚ] n.盜獵者；蒸鍋
outing, [àʊtɪŋ] n.郊遊；遠足
pollutant, [pə`lutənt] n.污染物 adj.受汙染的
outlaw, [àʊt͵lɔ] n.罪犯 vt.宣布…為不合法
ponder, [`pɑndɚ] vt.vi.沈思；仔細考慮
outlet, [àʊt͵lɛt] n 出口；銷路
populate, [`pɑpjə͵let] vt.居住於…
outlook, [àʊt͵lʊk] n.觀點；景色 vt.比…好看 vi.朝外看
posture, [`pɑstʃɚ] n.姿勢
precede, [prìsid] vt.vi.處在(...)之前；優於
outnumber, [aʊt`nʌmbɚ] vt.數量上超過
precedent, [`prɛsədənt] n.先例 adj.在前的
outrage, [àʊt͵redʒ] vt.激怒 n.惡行
precision, [prɪ`sɪʒən] n.精確
outrageous, [aʊt`redʒəs] adj.粗暴的、可憎的
predecessor, [`prɛdɪ͵sɛsɚ] n.前任
outright, [àʊt`raɪt] adj.直率的 adv.徹底地
prediction, [prɪ`dɪkʃən] n.預言
outset, [àʊt͵sɛt] n.最初
preface, [`prɛfɪs] n.序言
overhead, [òvɚ`hɛd] adj.在頭頂上的
prejudice, [`prɛdʒədɪs] n.偏見
overlap, [͵ovɚ`læ p] vt.vi.(與...)部分重疊
preliminary, [prɪ`lɪmə͵nɛrɪ] adj.預備的 n.初步
overturn, [͵ovɚ`tɝn] vt.vi.(使)傾覆
premature, [͵primə`tjʊr] adj.過早的；不成熟的
pact, [pæ kt] n.契約
premier, [`primɪɚ]n.首相 adj.最早的；首要的
pamphlet, [`pæ mflɪt] n.小冊子
prescribe, [prɪ`skraɪb] vt.規定；開處方
paralyze, [`pæ rə͵laɪz] vt.使麻痺、使癱瘓
prescription, [prɪ`skrɪpʃən] n.規定；處方
parliament, [`pɑrləmənt] n.議會；國會
preside, [prɪ`zaɪd] vi.主持；管轄
pathetic, [pə`θɛtɪk] adj.可憐的
presidency, [`prɛzədənsɪ] n.總裁/總統職位
patriotic, [͵petrɪ`ɑtɪk] adj.愛國的
presidential, [prɛzə`dɛnʃəl] adj.總裁/總統的
personal digital assistant, [`pɝsn!] [`dɪdʒɪt!] [ə`sɪstənt] n.個人數位助理(PDA)
prestige, [prɛs`tiʒ] n.名望
presume, [prɪ`zum] vt.vi.擅自(做)；假定
peddle, [`pɛd!] vt.vi.(沿街)叫賣
preventive, [prɪ`vɛntɪv] adj.預防的
pedestrian, [pə`dɛstrɪən] n.行人 adj.徒步的
productivity, [͵prodʌk`tɪvətɪ] n.生產力
peninsula, [pə`nɪnsələ] n.半島
proficiency, [prə`fɪʃənsɪ] n.精通
pension, [`pɛnʃən] n.退休金；養老金
profound, [prə`faʊnd] adj.深刻的；完全的
perception, [pɚ`sɛpʃən] n.感知；觀念
progressive, [prə`grɛsɪv] adj.進步的；革新的
perseverance, [͵pɝsə`vɪrəns] n.堅持不懈；毅力
prohibit, [prə`hɪbɪt] vt.禁止
persevere, [͵pɝsə`vɪr] vi.堅持不懈
prohibition, [͵proə`bɪʃən] n.禁止
persistence, [pɚ`sɪstəns] n.堅持；固執
projection, [prə`dʒɛkʃən] n.設計；發射；預測
persistent, [pɚ`sɪstənt] adj.堅持不懈的；固執的
prone, [pron] adj.易於...的；傾斜的
perspective, [pɚ`spɛktɪv] adj.透視的 n.觀點；遠景
propaganda, [prɑpə`gæ ndə] n.宣傳
propel, [prə`pɛl] vt.推進
pesticide, [`pɛstɪ͵saɪd] n.殺蟲劑
propeller, [prə`pɛlɚ] n.螺旋槳；推進器
petroleum, [pə`trolɪəm] n.石油
prose, [proz] n.散文[U]
petty, [`pɛtɪ] adj.小的；瑣碎的
prosecute, [`prɑsɪ͵kjut] vt.起訴
prosecution, [͵prɑsɪ`kjuʃən] n.起訴
rein, [ren] n.韁繩 vt.駕馭 vi.勒馬
prospective, [prə`spɛktɪv] adj.預期的
reinforce, [͵riɪn`fɔrs] vt.強化
provincial, [prə`vɪnʃəl] adj.省的；地方性的
relay, [rɪ`le] n.接力賽跑 vt.vi.轉播
provoke, [prə`vok] vt.對...挑釁；煽動
relevant, [`rɛləvənt] adj.有關的
prowl, [praʊl] vi.vt.潛行(於)
reliance, [rɪ`laɪəns] n.信賴；依靠
punctual, [`pʌŋktʃʊəl] adj.準時的
relish, [`rɛlɪʃ] n.滋味 vt.品嚐 vi.可口
purify, [`pjʊrə͵faɪ] vt.淨化；精煉
remainder, [rɪ`mendɚ] n.剩餘物
purity, [`pjʊrətɪ] n.純淨
removal, [rɪ`muv!] n.移去
qualification, [͵kwɑləfə`keʃən] n.資格
renaissance, [`rɛnə͵sɑns] n.新生；文藝復興
quarrelsome, [`kwɔrəlsəm] adj.喜歡爭吵的
render, [`rɛndɚ] vt.使成為；付給；提出
quench, [kwɛntʃ] vt.vi.熄滅 vt.解(渴)；壓制
renowned, [rɪ`naʊnd] adj.有名的
query, [`kwɪrɪ] n.vt.vi.詢問
rental, [`rɛnt!] n.租金；租賃 adj.供出租的
questionnaire, [͵kwɛstʃən`ɛr] n.問卷
repress, [rɪ`prɛs] vt.vi.抑制
racism, [`resɪzəm] n.種族主義
resemblance, [rɪ`zɛmbləns] n.相似
radiant, [`redjənt] adj.光芒四射的；容光煥發的
reservoir, [`rɛzɚ͵vɔr] n.蓄水庫
radiate, [`redɪ͵et] vi.輻射 vi.vt.散發；流露
residential, [͵rɛzə`dɛnʃəl] adj.居住的
radiation, [͵redɪèʃən] n.輻射；發光
resistant, [rɪ`zɪstənt] adj.抵抗的 n.抵抗者
radiator, [`redɪ͵etɚ] n.散熱器；輻射體
resolute, [`rɛzə͵lut] adj.堅決的 n.堅定的人
radical, [`ræ dɪk!] adj.根本的；激進的 n.根(號)；部首；激進份子
respective, [rɪ`spɛktɪv] adj.各自的
restoration, [͵rɛstə`reʃən] n.恢復；重建
restraint, [rɪ`strent] n.抑制
raft, [ræ ft] n.橡皮艇；木筏 vt.vi.乘筏(渡河)
retail, [`ritel] n.vt.vi.零售 adj.零售的
raid, [red] n.vt.vi.襲擊、劫掠
retaliate, [rɪ`tæ lɪ͵et] vi.vt.報復
random, [`ræ ndəm] n.任意行動 adj.隨機的
retrieve, [rɪ`triv] vt.重獲；挽回 vi.銜回獵物
ransom, [`ræ nsəm] n.贖金
revelation, [rɛv!èʃən] n.揭示；顯示；天啟
rash, [ræ ʃ] n.疹子 adj.輕率的
revenue, [`rɛvə͵nju] n.收入
rational, [`ræ ʃən!] adj.理性的 n.有理數
revival, [rɪ`vaɪv!] n.甦醒；重振
ravage, [`ræ vɪdʒ] vt.使荒蕪 vi.n.毀滅；蹂躪
rhetoric, [`rɛtərɪk] n.修辭
realism, [`riəl͵ɪzəm] n.現實性
rhythmic, [`rɪðmɪk] adj.有節奏的
realization, [͵riələ`zeʃən] n.領悟；實現
ridicule, [`rɪdɪkjul] n.vt.嘲笑
rebellion, [rɪ`bɛljən] n.反叛
rigorous, [`rɪgərəs] adj.嚴格的
recession, [rɪ`sɛʃən] n.後退；衰退
riot, [`raɪət] n.vi.暴亂；喧鬧
recipient, [rɪ`sɪpɪənt] n.接受者 adj.接受的
rite, [raɪt] n.儀式
recommendation, [͵rɛkəmɛn`deʃən] n.推薦
ritual, [`rɪtʃʊəl] n.adj.儀式(的)
reconcile, [`rɛkənsaɪl] vt.使和解
rivalry, [`raɪv!rɪ] n.競爭
recreational, [͵rɛkrɪèʃən!] adj.消遣的
rotate, [`rotet] vi.vt.(使)旋轉、輪流
recruit, [rɪ`krut] vt.vi.徵募 n.新兵；新手
rotation, [ròteʃən] n.旋轉；輪流
recur, [rɪ`kɝ] vi.再發生；返回
royalty, [`rɔɪəltɪ] n.王位；皇族
ruby, [`rubɪ] n.紅寶石
redundant, [rɪ`dʌndənt] adj.多餘的
safeguard, [`sef͵gɑrd] vt.n.保護
refine, [rɪ`faɪn] vt.vi.提煉；改善
saloon, [sə`lun] n.交誼廳；酒吧
refinement, [rɪ`faɪnmənt] n.提煉；改善
salvation, [sæ l`veʃən] n.拯救
reflective, [rɪ`flɛktɪv] adj.反射的
sanction, [`sæŋkʃən] n.vt.認可；制裁
refreshment, [rɪ`frɛʃmənt] n.精力恢復[U]；茶點；點心[C]
sanctuary, [`sæŋktʃʊ͵ɛrɪ] n.教堂；庇護所
sane, [sen] adj.神志正常的；健全的
refund, [`ri͵fʌnd] n. 退款；償還
sanitation, [͵sænə`teʃən] n.公共衛生
refund, [rɪ`fʌnd] vt.vi.退款；償還
scenic, [`sinɪk] adj.風景的；戲劇的
regardless, [rɪ`gɑrdlɪs] adj.不關心(注意)的
scope, [skop] n.範圍；領域
regime, [rɪ`ʒim] n.政體；政權
script, [skrɪpt] n.筆跡；腳本 vt.編為劇本
rehearsal, [rɪ`hɝs!] n.排練
sector, [`sɛktɚ] n.扇形；部分
rehearse, [rɪ`hɝs] vt.vi.排練
seduce, [sɪ`djus] vt.誘惑
selective, [sə`lɛktɪv] adj.有選擇性的
seminar, [`sɛmə͵nɑr] n.研討班；專題研討會
specialize, [`spɛʃəl͵aɪz] vi.專攻 vt.使專門化
senator, [`sɛnətɚ] n.參議員
specialty, [`spɛʃəltɪ] n.特產；專業
sentimental, [͵sɛntə`mɛnt!] adj.多情的
specify, [`spɛsə͵faɪ] vt.具體指明
sequence, [`sikwəns] n.連續；後果
spectacular, [spɛk`tæ kjəlɚ] adj.壯觀的
serene, [sə`rin] adj.安詳的；平靜的
spectrum, [`spɛktrəm] n.光譜
serenity, [sə`rɛnətɪ] n.晴朗；平靜
speculate, [`spɛkjə͵let] vi.思索 vt.推測
serving, [`sɝvɪŋ] n.服務；(食物)一份
sphere, [sfɪr] n.球體；領域
session, [`sɛʃən] n.會議；開庭；講習班
spike, [spaɪk] n.大釘；釘鞋 vt.用尖物刺穿；扣殺【排球】
setback, [`sɛt͵bæk] n.挫折
sewer, [`suɚ] n.污水管；下水道
shed, [ʃɛd] n.棚 vt.vi.流出；散發
spiral, [`spaɪrəl] n.螺旋 adj.螺旋(形)的 vi.盤旋 vt.使呈螺旋形
sheer, [ʃɪr] adj.全然的 adv.十足地
shilling, [`ʃɪlɪŋ] n.先令
spire, [spaɪr] n.尖塔 vt.給…裝尖頂 vi.聳立
shoplift, [`ʃɑp͵lɪft] vi.vt.在商店內順手牽羊
spokesperson, [`spoks͵pɝsn] n.發言人
spokesman, [`spoksmən] n.發言人
spokeswoman, [`spoks͵wʊmən] n.發言人
shrewd, [ʃrud] adj.精明的；狡猾的
shun, [ʃʌn] vt.躲開
siege, [sidʒ] n.vt.圍攻
sponsor, [`spɑnsɚ] n.發起者；贊助者 vt.資助
signify, [`sɪgnə͵faɪ] vt.表示；意味著
spontaneous, [spɑn`tenɪəs] adj.自發的
silicon, [`sɪlɪkən] n.矽
spouse, [spaʊz] n.配偶
simplicity, [sɪm`plɪsətɪ] n.簡單；樸素
sprawl, [sprɔl] vi.vt.伸開四肢躺；(使) 蔓生
simplify, [`sɪmplə͵faɪ] vt.簡化
squad, [skwɑd] n.小隊
simultaneous, [͵saɪm!`tenɪəs] adj.同步的
squash, [skwɑʃ] vt.vi.(把…)壓扁(壓碎) n.擠壓；回力球；南瓜屬植物
skeptical, [`skɛptɪk!] adj.懷疑的
skim, [skɪm] vt.vi.掠過；瀏覽
stability, [stə`bɪlətɪ] n.穩定(性)
slang, [slæŋ] n.俚語
stabilize, [`steb!͵aɪz] vt.vi.(使)穩定
slash, [slæ ʃ] vt.vi.砍；鞭打 n.砍痕；斜線
stalk, [stɔk] vt.vi.n.悄悄追蹤
slavery, [`slevərɪ] n.奴隸身分；奴役
stammer, [`stæ mɚ] vi.vt.n.口吃
slot, [slɑt] n.狹縫；投幣口
staple, [`step!] n.主食；訂書釘 adj.主要的
slum, [slʌm] n.貧民窟
stapler, [`steplɚ] n. 主要產品經營商；釘書機
smack, [smæ k] vt.vi.n 摑巴掌；響吻
starch, [stɑrtʃ] n.澱粉
smallpox, [`smɔl͵pɑks] n.天花
starvation, [stɑr`veʃən] n.飢餓
smother, [`smʌðɚ] vt.vi.(使)窒息
stationary, [`steʃən͵ɛrɪ] adj.不動的
smuggle, [`smʌg!] vt.vi.走私
stationery, [`steʃən͵ɛrɪ] n.文具[U]
snare, [snɛr] n.圈套 vt.(用陷阱等)捕捉
stature, [`stæ tʃɚ] n.身高；身材；高度境界
sneaky, [`snikɪ] adj.鬼鬼祟祟的
steamer, [`stimɚ] n.汽船；蒸鍋；蒸汽機
sneer, [snɪr] vi.vt.嘲諷、冷笑
stimulate, [`stɪmjə͵let] vt.vi.刺激；促使
soar, [sor] vi.n.高飛；暴漲
stimulation, [͵stɪmjə`leʃən] n.刺激；鼓舞
sociable, [`soʃəb!] adj.好交際的
stimulus, [`stɪmjələs] n.刺激(品)；興奮劑
socialism, [`soʃəl͵ɪzəm] n.社會主義
stock, [stɑk] n.存貨；股票 vt.vi.辦貨
socialist, [`soʃəlɪst] n.社會主義者
strangle, [`stræŋg!] vt.vi.勒死；抑制
socialize, [`soʃə͵laɪz] vt.vi.交際；社會化
strategic, [strə`tidʒɪk] adj.戰略的
sociology, [͵soʃɪ`ɑlədʒɪ] n.社會學
stunt, [stʌnt] n.絕技 vt.阻礙 vi.表演絕技
sodium, [`sodɪəm] n.鈉
subjective, [səb`dʒɛktɪv] adj.主觀的；個人的
solidarity, [͵sɑlə`dæ rətɪ] n.團結
subordinate, [sə`bɔrdnɪt] adj.下級的；隸屬的
solitude, [`sɑlə͵tjud] n.孤獨
subscribe, [səb`skraɪb] vt.vi.認捐；訂閱
subscription, [səb`skrɪpʃən] n.認捐；訂閱
soothe, [suð] vt.vi.安慰；緩和
subsequent, [`sʌbsɪ͵kwɛnt] adj.隨後的
sophisticated, [sə`fɪstɪ͵ketɪd] adj.世故的；精緻的；複雜的
substitution, [͵sʌbstə`tjuʃən] n.代替(物)
subtle, [`sʌt!] adj.微妙的；隱約的
sovereignty, [`sɑvrɪntɪ] n.君權；主權
suburban, [sə`bɝbən] adj.郊區的
spacious, [`speʃəs] adj.寬敞的
succession, [sək`sɛʃən] n.連續；繼任
span, [spæ n] n.跨度；一段時間 vt.橫跨；延伸
successive, [sək`sɛsɪv] adj.連續的；後繼的
successor, [sək`sɛsɚ] n.繼承人；接替的事物
transistor, [træ n`zɪstɚ] n.電晶體
suffocate, [`sʌfə͵ket] vt.vi.(使)窒息
transit, [`træ nsɪt] n.vt.vi.運輸；過渡
suite, [swit] n.套房；隨員；套(組)
transition, [træ n`zɪʃən] n.過渡；轉變
superb, [sʊ`pɝb] adj.堂皇的；極好的
transmission, [træ ns`mɪʃən] n.傳輸；傳送
superiority, [sə͵pɪrɪ`ɔrətɪ] n.優越
transmit, [træ ns`mɪt] vt.vi.傳送；發報
supersonic, [͵supɚ`sɑnɪk] adj.n.超音波(的)
transplant, [træ ns`plæ nt] vt.vi.移植；(使)移居
superstitious, [͵supɚ`stɪʃəs] adj.迷信的
trauma, [`trɔmə] n.創傷
supervision, [͵supɚ`vɪʒən] n.監督
tread, [trɛd] vi.vt.踩；踏
supplement, [`sʌpləmənt] n.增補；補給品
treason, [`trizn] n.叛國罪[U]
surpass, [sɚ`pæ s] vt.勝過
trek, [trɛk] n.移居；旅行 vi.艱苦跋涉；移居
surplus, [`sɝpləs] n.adj.過剩(的)；剩餘物
tremor, [`trɛmɚ] n.顫抖；震動
suspense, [sə`spɛns] n.懸而不決；暫停
trespass, [`trɛspəs] vi.n.擅自進入
suspension, [sə`spɛnʃən] n.懸吊；暫停
trigger, [`trɪgɚ] n.扳機 vt.扣扳機；引起
swap, [swɑp] vt.vi.n.交換
triumphant, [traɪ`ʌmfənt] adj.勝利的
symbolic, [sɪm`bɑlɪk] adj.象徵的
trivial, [`trɪvɪəl] adj.瑣細的；不重要的
symbolize, [`sɪmb!͵aɪz] vt.vi.象徵
trophy, [`trofɪ] n.戰利品；獎杯
symmetry, [`sɪmɪtrɪ] n.對稱(性)
symptom, [`sɪmptəm] n.症狀
tropic, [`trɑpɪk] n.回歸線；熱帶[the P] adj.熱帶的
synonym, [`sɪnə͵nɪm] n.同義字
synthetic, [sɪn`θɛtɪk] adj.合成的
truant, [`truənt] n.逃學者 adj.逃學的 vi.逃學
tact, [tæ kt] n.老練；機智；圓滑
truce, [trus] n.停戰
tactic, [`tæ ktɪk] n.戰術；策略
tuberculosis, [tju͵bɝkjə`losɪs] n.結核病[U]
tariff, [`tæ rɪf] n.關稅；稅率
tumor, [`tjumɚ] n.腫瘤
tedious, [`tidɪəs] adj.冗長乏味的
turmoil, [`tɝmɔɪl] n.騷動；混亂[U][C]
temperament, [`tɛmprəmənt] n.氣質；性情
twilight, [`twaɪ͵laɪt] n.薄暮 adj.昏暗的；暮年的
tempest, [`tɛmpɪst] n.暴風雨；騷動
terminate, [`tɝmə͵net] vt.vi.(使)終止
tyranny, [`tɪrənɪ] n.暴政；專橫
textile, [`tɛkstaɪl] n.紡織品 adj.紡織的
ulcer, [`ʌlsɚ] n.潰瘍；弊病
texture, [`tɛkstʃɚ] n.質地；構造
ultimate, [`ʌltəmɪt] adj.最終的；極限的
theatrical, [θɪ`æ trɪk!] adj.戲劇的；誇張的
unanimous, [jʊ`næ nəməs] adj.一致同意的
theft, [θɛft] n.偷竊
uncover, [ʌn`kʌvɚ] vt.揭露
theoretical, [͵θiə`rɛtɪk!] adj.理論的
underestimate, [`ʌndɚ`ɛstə͵met] vt.低估
therapist, [`θɛrəpɪst] n.特定療法技師
undergo, [͵ʌndɚ`go] vt.經歷；接受(治療等)
therapy, [`θɛrəpɪ] n.治療；療法
undermine, [͵ʌndɚ`maɪn] vt.暗中破壞
thereafter, [ðɛr`æ ftɚ] adv.之後
undertake, [͵ʌndɚ`tek] vt.進行；承擔
thereby, [ðɛr`baɪ] adv.由此；從而
undo, [ʌn`du] vt.解開；取消；破壞
thermometer, [θɚ`mɑmətɚ] n.溫度計
unemployment, [͵ʌnɪm`plɔɪmənt] n.失業
threshold, [`θrɛʃhold] n.門檻；開端
unfold, [ʌn`fold] vt.vi.展開
thrift, [θrɪft] n.節儉
unify, [`junə͵faɪ] vt.vi.統一
thrifty, [`θrɪftɪ] adj.節儉的；茂盛的
unlock, [ʌn`lɑk] vt.vi.開…的鎖；解開
thrive, [θraɪv] vi.興旺；繁榮
unpack, [ʌn`pæ k] vt.vi.打開包裹；卸下
throb, [θrɑb] vi.n.跳動；悸動
upbringing, [`ʌp͵brɪŋɪŋ] n.養育；教養
toll, [tol] n.通行費；傷亡人數；鐘聲 vt.vi徵稅；(緩慢而反覆地)敲(鐘)
upgrade, [`ʌp`gred] n.vt.升級 adv.上坡
uphold, [ʌp`hold] vt.舉起；支撐；維持
topple, [`tɑp!] vt.vi.(使) 倒塌
uranium, [jʊ`renɪəm] n.鈾
tornado, [tɔr`nedo] n.龍捲風
urgency, [`ɝdʒənsɪ] n.緊急；急事
trait, [tret] n.特徵；少許
urine, [`jʊrɪn] n.尿
tranquil, [`træŋkwɪl] adj.平靜的
usher, [`ʌʃɚ] n.引座員 vt.vi.招待；迎接
tranquilizer, [`træŋkwɪ͵laɪzɚ] n.鎮定劑
utensil, [jùtɛns!] n.器皿；厨房用具
transaction, [træ n`zæ kʃən] n.交易；辦理
utility, [jùtɪlətɪ] n.效用；公用事業；(水、電、瓦斯類等的)公共設施 adj.實用的
transcript, [`træn͵skrɪpt] n.抄本；成績單
transformation, [͵trænsfɚ`meʃən] n.轉變；變形
utilize, [`jut!͵aɪz] vt.利用
utmost, [`ʌt͵most] adj.極度的 n.極度
vaccine, [`væ ksin] adj.疫苗的 n.疫苗
valiant, [`væ ljənt] adj.英勇的 n.勇士
valid, [`væ lɪd] adj.有根據的；有效的
validity, [və`lɪdətɪ] n.正當；有效性；合法性
vanilla, [və`nɪlə] n.香草 adj.香草的；普通的
variable, [`vɛrɪəb!] adj.多變的 n.可變因素
variation, [͵vɛrɪèʃən] n.變動；差異
vend, [vɛnd] vi.vt.出售
vendor, [`vɛndɚ] n.小販；自動販賣機
verge, [vɝdʒ] n.邊緣 vi.vt.處在(…)邊緣
versatile, [`vɝsət!] adj.多才多藝的；多功能的
version, [`vɝʒən] n.版本；說法
veteran, [`vɛtərən] n.老兵；老手 adj.經驗豐富的
veterinarian, [͵vɛtərə`nɛrɪən] n.獸醫(vet)
vibration, [vaɪ`breʃən] n.顫動；共鳴
vice, [vaɪs] n.惡 adj.副的
vicious, [`vɪʃəs] adj.邪惡的；惡性的
victimize, [`vɪktɪ͵maɪz] vt.使受害；欺騙
victor, [`vɪktɚ] n.勝利者
victorious, [vɪk`torɪəs] adj.勝利的
villa, [`vɪlə] n.別墅
vineyard, [`vɪnjɚd] n.葡萄園
virtual, [`vɝtʃʊəl] adj.實際上的；虛擬的
visualize, [`vɪʒʊə͵laɪz] vt.vi.使視覺化；想像
vitality, [vaɪ`tæ lətɪ] n.活力；生命力
vocal, [`vok!] adj.聲音的；歌唱的
vocation, [vòkeʃən] n.行業；傾向
vocational, [vòkeʃən!] adj.職業的
vogue, [vog] n.流行(物)
vomit, [`vɑmɪt] vt.vi.n.嘔吐
vulgar, [`vʌlgɚ] adj.粗俗的；通俗的
vulnerable, [`vʌlnərəb!] adj.易受傷的
wardrobe, [`wɔrd͵rob] n.衣櫥
warfare, [`wɔr͵fɛr] n.戰爭
warranty, [`wɔrəntɪ] n.保證書；擔保
waterproof, [`wɑtɚ͵pruf] adj.防水的
watertight, [`wɑtɚ`taɪt] adj.防水的
whatsoever, [ˌwɑtsoˈɛvɚ] pron.adv.adj.任何事物；無論甚麼(的)
windshield, [`wɪnd͵ʃild] n.擋風玻璃
withstand, [wɪð`stæ nd] vt.vi.反抗；禁得起
witty, [`wɪtɪ] adj.機智的；說話風趣的
woo, [wu] vt.vi.追求；求愛；爭取
wrench, [rɛntʃ] vt.vi.n.猛扭；扭傷
wrestle, [`rɛs!] vt.摔(角)；與…搏鬥
Xerox, [`zɪrɑks] n.影印機(商標名)(大寫)
xerox, [`zɪrɑks] n.靜電複印法(小寫)
yearn, [jɝn] vi.思念；渴望
zeal, [zil] n.熱心；熱誠